user_poll_dt,content_url,picbear_url
October 18 2017 - 17:17,https://scontent.cdninstagram.com/t51.2885-15/e35/22580550_123134265020345_6877457008539205632_n.jpg,http://picbear.com/media/1627947606611409717_3668034122
October 18 2017 - 17:17,https://scontent.cdninstagram.com/t51.2885-15/e35/22582052_298501157223601_9078450103596875776_n.jpg,http://picbear.com/media/1627947190729423817_3668034122
October 18 2017 - 17:17,https://scontent.cdninstagram.com/t51.2885-15/e35/22427545_1909325459320015_4327202155132878848_n.jpg,http://picbear.com/media/1624787129181963929_3668034122
October 18 2017 - 17:17,https://scontent.cdninstagram.com/t51.2885-15/sh0.08/e35/p640x640/22344973_1666789863341638_1838413025376206848_n.jpg,http://picbear.com/media/1623976000675635233_3668034122
October 18 2017 - 17:17,https://scontent.cdninstagram.com/t51.2885-15/sh0.08/e35/p640x640/22352491_119978128695609_6642439060981809152_n.jpg,http://picbear.com/media/1623963038791246131_3668034122
October 18 2017 - 17:17,https://scontent.cdninstagram.com/t51.2885-15/e35/22278110_1906498156282388_5391193179305279488_n.jpg,http://picbear.com/media/1617910244049307398_3668034122
October 18 2017 - 17:17,https://scontent.cdninstagram.com/t51.2885-15/s640x640/sh0.08/e35/22277679_144675406142695_5967473929529327616_n.jpg,http://picbear.com/media/1617707915916141280_3668034122
October 18 2017 - 17:17,https://scontent.cdninstagram.com/t51.2885-15/e35/22220622_752489008268038_6328104255857098752_n.jpg,http://picbear.com/media/1617695348279846208_3668034122
October 18 2017 - 17:17,https://scontent.cdninstagram.com/t51.2885-15/s640x640/sh0.08/e35/22158665_1545545705483452_333423177386426368_n.jpg,http://picbear.com/media/1616780175331470799_3668034122
October 18 2017 - 17:17,https://scontent.cdninstagram.com/t51.2885-15/e35/21985170_352559295165400_1276868861995515904_n.jpg,http://picbear.com/media/1616425903100139889_3668034122
October 18 2017 - 17:17,https://scontent.cdninstagram.com/t51.2885-15/e35/22069471_118182265526963_7807442080959037440_n.jpg,http://picbear.com/media/1613457328248805368_3668034122
October 18 2017 - 17:17,https://scontent.cdninstagram.com/t51.2885-15/sh0.08/e35/p640x640/21984772_134682183837552_576094675060916224_n.jpg,http://picbear.com/media/1611879307821720001_3668034122
October 18 2017 - 17:17,https://scontent.cdninstagram.com/t51.2885-15/e35/21911061_1925749984413977_2957415914821124096_n.jpg,http://picbear.com/media/1611639688475911156_3668034122
October 18 2017 - 17:17,https://scontent.cdninstagram.com/t51.2885-15/e35/21910083_743940495766701_4738044321347928064_n.jpg,http://picbear.com/media/1611639577544898395_3668034122
October 18 2017 - 17:17,https://scontent.cdninstagram.com/t51.2885-15/e35/21984605_146617189279998_2755982876351660032_n.jpg,http://picbear.com/media/1611639483324165636_3668034122
October 18 2017 - 17:17,https://scontent.cdninstagram.com/t51.2885-15/e35/21980859_256684284853275_3400454560341295104_n.jpg,http://picbear.com/media/1611635972565712435_3668034122
October 18 2017 - 17:17,https://scontent.cdninstagram.com/t51.2885-15/e35/21980576_834417926719980_7385917643884068864_n.jpg,http://picbear.com/media/1611635882891540612_3668034122
October 18 2017 - 17:17,https://scontent.cdninstagram.com/t51.2885-15/e35/21910998_1762162337415469_4253776506636992512_n.jpg,http://picbear.com/media/1611635803384323191_3668034122
October 18 2017 - 17:17,https://scontent.cdninstagram.com/t51.2885-15/e35/21910680_130943577551352_3703215880302231552_n.jpg,http://picbear.com/media/1611634144285460732_3668034122
October 18 2017 - 17:17,https://scontent.cdninstagram.com/t51.2885-15/e35/21980176_169260866963207_3502825724316745728_n.jpg,http://picbear.com/media/1611634044536566155_3668034122
October 18 2017 - 17:17,https://scontent.cdninstagram.com/t51.2885-15/e35/21985144_132774647355077_711699711857262592_n.jpg,http://picbear.com/media/1611633937036443366_3668034122
October 18 2017 - 17:17,https://scontent.cdninstagram.com/t51.2885-15/sh0.08/e35/p640x640/21910958_1199723486796193_3040755898319372288_n.jpg,http://picbear.com/media/1611255679401036264_3668034122
October 18 2017 - 17:17,https://scontent.cdninstagram.com/t51.2885-15/sh0.08/e35/p640x640/21909900_1575761455800010_3512756414554570752_n.jpg,http://picbear.com/media/1610999464896937367_3668034122
October 18 2017 - 17:17,https://scontent.cdninstagram.com/t51.2885-15/s640x640/sh0.08/e35/21879271_471012903285151_5523799242302291968_n.jpg,http://picbear.com/media/1609699937975982657_3668034122
October 18 2017 - 17:17,https://scontent.cdninstagram.com/t51.2885-15/e35/20398504_1513263712060510_2088967909752700928_n.jpg,http://picbear.com/media/1599483172608153807_3668034122
October 18 2017 - 17:17,https://scontent.cdninstagram.com/t51.2885-15/e35/21433655_1916301512027486_7599183905664532480_n.jpg,http://picbear.com/media/1599482762564570848_3668034122
October 18 2017 - 17:17,https://scontent.cdninstagram.com/t51.2885-15/e35/21434099_1911345899187113_3810002704449667072_n.jpg,http://picbear.com/media/1599482442002456229_3668034122
October 18 2017 - 17:17,https://scontent.cdninstagram.com/t51.2885-15/e35/21479715_130495640909061_5268233084574105600_n.jpg,http://picbear.com/media/1598992663561188723_3668034122
October 18 2017 - 17:17,https://scontent.cdninstagram.com/t51.2885-15/sh0.08/e35/p640x640/21433580_1926833174258186_3747966158171537408_n.jpg,http://picbear.com/media/1598992027184635072_3668034122
October 18 2017 - 17:17,https://scontent.cdninstagram.com/t51.2885-15/e35/21373103_1927582284160966_6602977073264852992_n.jpg,http://picbear.com/media/1598990737268373478_3668034122
October 18 2017 - 17:17,https://scontent.cdninstagram.com/t51.2885-15/e35/21435678_1931255967090480_765699506741182464_n.jpg,http://picbear.com/media/1598864481914821550_3668034122
October 18 2017 - 17:17,https://scontent.cdninstagram.com/t51.2885-15/e35/21433565_682277155300964_7667492727692460032_n.jpg,http://picbear.com/media/1598864397105956696_3668034122
October 18 2017 - 17:17,https://scontent.cdninstagram.com/t51.2885-15/e35/21373348_163214600898912_258454278421610496_n.jpg,http://picbear.com/media/1598864285764128525_3668034122
October 18 2017 - 17:17,https://scontent.cdninstagram.com/t51.2885-15/e35/21433557_1495699807132436_5636613971445284864_n.jpg,http://picbear.com/media/1598369594878678819_3668034122
October 18 2017 - 17:17,https://scontent.cdninstagram.com/t51.2885-15/sh0.08/e35/p640x640/21373416_115132695831319_2541939229785587712_n.jpg,http://picbear.com/media/1598332927484486088_3668034122
October 18 2017 - 17:17,https://scontent.cdninstagram.com/t51.2885-15/e35/21435336_350768002012592_5447048065053622272_n.jpg,http://picbear.com/media/1597966716770956908_3668034122
October 18 2017 - 17:17,https://scontent.cdninstagram.com/t51.2885-15/sh0.08/e35/p640x640/21372206_376659716082851_7051480978769838080_n.jpg,http://picbear.com/media/1597398069182584246_3668034122
October 18 2017 - 17:17,https://scontent.cdninstagram.com/t51.2885-15/sh0.08/e35/p640x640/21372052_1966429693602817_6235833162744725504_n.jpg,http://picbear.com/media/1596641154722923092_3668034122
October 18 2017 - 17:17,https://scontent.cdninstagram.com/t51.2885-15/e35/21147995_1777342219225677_8211238817181466624_n.jpg,http://picbear.com/media/1590787214936455913_3668034122
October 18 2017 - 17:17,https://scontent.cdninstagram.com/t51.2885-15/e35/21149250_1885536808436565_2995707858957369344_n.jpg,http://picbear.com/media/1590740072410756868_3668034122
October 18 2017 - 17:17,https://scontent.cdninstagram.com/t51.2885-15/e35/21107314_368218053596043_6170069272048435200_n.jpg,http://picbear.com/media/1588906904879758545_3668034122
October 18 2017 - 17:17,https://scontent.cdninstagram.com/t51.2885-15/sh0.08/e35/p640x640/20905191_719135758287502_2829046446219591680_n.jpg,http://picbear.com/media/1583770678573134585_3668034122
October 18 2017 - 17:17,https://scontent.cdninstagram.com/t51.2885-15/e35/20902022_1865180690165858_4056391638052765696_n.jpg,http://picbear.com/media/1583769464196064015_3668034122
October 18 2017 - 17:17,https://scontent.cdninstagram.com/t51.2885-15/e35/20837824_260896434424981_5500673768286060544_n.jpg,http://picbear.com/media/1582815213739379092_3668034122
October 18 2017 - 17:17,https://scontent.cdninstagram.com/t51.2885-15/e35/20687988_198786703991835_2769155120141697024_n.jpg,http://picbear.com/media/1577094590501374387_3668034122
October 18 2017 - 17:17,https://scontent.cdninstagram.com/t51.2885-15/e35/20688713_1449304365155536_5174670529155563520_n.jpg,http://picbear.com/media/1577094303367679777_3668034122
October 18 2017 - 17:17,https://scontent.cdninstagram.com/t51.2885-15/e35/20687239_1884581521868445_600867071466668032_n.jpg,http://picbear.com/media/1577093338946140670_3668034122
October 18 2017 - 17:17,https://scontent.cdninstagram.com/t51.2885-15/e35/20633411_682435218626582_8970546514938036224_n.jpg,http://picbear.com/media/1576383704006636210_3668034122
October 18 2017 - 17:17,https://scontent.cdninstagram.com/t51.2885-15/sh0.08/e35/p640x640/20635425_107589666618234_7038753246915067904_n.jpg,http://picbear.com/media/1576382941314399788_3668034122
October 18 2017 - 17:17,https://scontent.cdninstagram.com/t51.2885-15/e35/20633493_219374458589890_7511699072567214080_n.jpg,http://picbear.com/media/1576380221769624916_3668034122
October 18 2017 - 17:17,https://scontent.cdninstagram.com/t51.2885-15/sh0.08/e35/p640x640/20633989_2026980850868219_91013217450459136_n.jpg,http://picbear.com/media/1574888332532837947_3668034122
October 18 2017 - 17:17,https://scontent.cdninstagram.com/t51.2885-15/s640x640/sh0.08/e35/20633448_1074761249322407_748819722627186688_n.jpg,http://picbear.com/media/1574886276644412281_3668034122
October 18 2017 - 17:17,https://scontent.cdninstagram.com/t51.2885-15/s640x640/sh0.08/e35/20583086_136442150285264_4808754133173534720_n.jpg,http://picbear.com/media/1574299086877029807_3668034122
October 18 2017 - 17:17,https://scontent.cdninstagram.com/t51.2885-15/sh0.08/e35/p640x640/20479051_139555093300163_3427648940344868864_n.jpg,http://picbear.com/media/1571938942998489672_3668034122
October 18 2017 - 17:17,https://scontent.cdninstagram.com/t51.2885-15/sh0.08/e35/p640x640/20478562_1327234687375422_803990067897958400_n.jpg,http://picbear.com/media/1571313952837885704_3668034122
October 18 2017 - 17:17,https://scontent.cdninstagram.com/t51.2885-15/sh0.08/e35/p640x640/20482694_567647160026122_4204655098816626688_n.jpg,http://picbear.com/media/1571160810502689937_3668034122
October 18 2017 - 17:17,https://scontent.cdninstagram.com/t51.2885-15/sh0.08/e35/p640x640/20478600_330692044047209_5942638057801908224_n.jpg,http://picbear.com/media/1570009167291705861_3668034122
October 18 2017 - 17:17,https://scontent.cdninstagram.com/t51.2885-15/s640x640/sh0.08/e35/20398516_157080064846962_2125288906281713664_n.jpg,http://picbear.com/media/1569852325345345784_3668034122
October 18 2017 - 17:17,https://scontent.cdninstagram.com/t51.2885-15/s640x640/sh0.08/e35/20479225_1988607404692466_284022046936006656_n.jpg,http://picbear.com/media/1567708619389327263_3668034122
October 18 2017 - 17:17,https://scontent.cdninstagram.com/t51.2885-15/e35/20347429_152826268603051_6709794842651656192_n.jpg,http://picbear.com/media/1566891402682741863_3668034122
October 18 2017 - 17:17,https://scontent.cdninstagram.com/t51.2885-15/e35/20393712_336586903458876_1901266882455928832_n.jpg,http://picbear.com/media/1566341374692109858_3668034122
October 18 2017 - 17:17,https://scontent.cdninstagram.com/t51.2885-15/sh0.08/e35/p640x640/20213850_451151968601050_3681485965714522112_n.jpg,http://picbear.com/media/1564679323582435938_3668034122
October 18 2017 - 17:17,https://scontent.cdninstagram.com/t51.2885-15/e35/20180797_481875028850033_8218014918364889088_n.jpg,http://picbear.com/media/1564096303423001044_3668034122
October 18 2017 - 17:17,https://scontent.cdninstagram.com/t51.2885-15/e35/20067212_157297661496278_4494917157708103680_n.jpg,http://picbear.com/media/1563326520930779854_3668034122
October 18 2017 - 17:17,https://scontent.cdninstagram.com/t51.2885-15/e35/20213888_116700048966707_7477841914092322816_n.jpg,http://picbear.com/media/1562515700864989077_3668034122
October 18 2017 - 17:17,https://scontent.cdninstagram.com/t51.2885-15/e35/20066897_1099661373467127_6157582079837077504_n.jpg,http://picbear.com/media/1562515616349606541_3668034122
October 18 2017 - 17:17,https://scontent.cdninstagram.com/t51.2885-15/e35/19985346_820647514776628_3082897795305177088_n.jpg,http://picbear.com/media/1562515527506031366_3668034122
October 18 2017 - 17:17,https://scontent.cdninstagram.com/t51.2885-15/sh0.08/e35/p640x640/20067062_873074356176442_7165987864897912832_n.jpg,http://picbear.com/media/1562457211463442627_3668034122
October 18 2017 - 17:17,https://scontent.cdninstagram.com/t51.2885-15/sh0.08/e35/p640x640/20065953_1471184516273047_7723182128350887936_n.jpg,http://picbear.com/media/1561812179827935966_3668034122
October 18 2017 - 17:17,https://scontent.cdninstagram.com/t51.2885-15/e35/20065825_204731023388950_4137670367961415680_n.jpg,http://picbear.com/media/1560311032973830684_3668034122
October 18 2017 - 17:17,https://scontent.cdninstagram.com/t51.2885-15/e35/19955066_485474965139133_2389278018863366144_n.jpg,http://picbear.com/media/1558862591651331718_3668034122
October 18 2017 - 17:17,https://scontent.cdninstagram.com/t51.2885-15/e35/19955381_729579670576913_678033211275608064_n.jpg,http://picbear.com/media/1558129261167508951_3668034122
October 18 2017 - 17:17,https://scontent.cdninstagram.com/t51.2885-15/sh0.08/e35/p640x640/20065651_153177161906242_1579552735106170880_n.jpg,http://picbear.com/media/1557380316682069854_3668034122
October 18 2017 - 17:17,https://scontent.cdninstagram.com/t51.2885-15/sh0.08/e35/p640x640/19955676_184602152077568_9081465428336705536_n.jpg,http://picbear.com/media/1556672416825356182_3668034122
October 18 2017 - 17:17,https://scontent.cdninstagram.com/t51.2885-15/e35/19955319_248428702323049_3134706203385397248_n.jpg,http://picbear.com/media/1555328591502591201_3668034122
October 18 2017 - 17:17,https://scontent.cdninstagram.com/t51.2885-15/sh0.08/e35/p640x640/19954913_1406023106111904_3382116110844297216_n.jpg,http://picbear.com/media/1555191986745945100_3668034122
October 18 2017 - 17:17,https://scontent.cdninstagram.com/t51.2885-15/sh0.08/e35/p640x640/19955148_314015942343890_9092855668720795648_n.jpg,http://picbear.com/media/1554542932521293161_3668034122
October 18 2017 - 17:17,https://scontent.cdninstagram.com/t51.2885-15/e35/19764394_1805499333096506_7439823348919435264_n.jpg,http://picbear.com/media/1553874876715423523_3668034122
October 18 2017 - 17:17,https://scontent.cdninstagram.com/t51.2885-15/e35/19762017_1054408868028809_232229414270664704_n.jpg,http://picbear.com/media/1552983223620196048_3668034122
October 18 2017 - 17:17,https://scontent.cdninstagram.com/t51.2885-15/sh0.08/e35/p640x640/19932437_1880324398896247_4791804074804641792_n.jpg,http://picbear.com/media/1552300259680780082_3668034122
October 18 2017 - 17:17,https://scontent.cdninstagram.com/t51.2885-15/e35/19764928_1984757921748113_4563772333935820800_n.jpg,http://picbear.com/media/1551706298268342906_3668034122
October 18 2017 - 17:17,https://scontent.cdninstagram.com/t51.2885-15/sh0.08/e35/p640x640/19534462_282418782166495_2625651724387352576_n.jpg,http://picbear.com/media/1548772143586996704_3668034122
October 18 2017 - 17:17,https://scontent.cdninstagram.com/t51.2885-15/sh0.08/e35/p640x640/19429452_1557037454348990_1599135891895353344_n.jpg,http://picbear.com/media/1547895632650733230_3668034122
October 18 2017 - 17:17,https://scontent.cdninstagram.com/t51.2885-15/sh0.08/e35/p640x640/19534343_1369709396482631_3115864297821962240_n.jpg,http://picbear.com/media/1547241039168149016_3668034122
October 18 2017 - 17:17,https://scontent.cdninstagram.com/t51.2885-15/e35/19429266_1852694434990762_9137604872848277504_n.jpg,http://picbear.com/media/1546673352545180998_3668034122
October 18 2017 - 17:17,https://scontent.cdninstagram.com/t51.2885-15/e35/19429189_1803420086351201_8385643733831385088_n.jpg,http://picbear.com/media/1545090825414128806_3668034122
October 18 2017 - 17:17,https://scontent.cdninstagram.com/t51.2885-15/sh0.08/e35/p640x640/19379395_699652450237148_2084397905635966976_n.jpg,http://picbear.com/media/1544386349636200063_3668034122
October 18 2017 - 17:17,https://scontent.cdninstagram.com/t51.2885-15/sh0.08/e35/p640x640/19428619_146788105888783_2765597581550551040_n.jpg,http://picbear.com/media/1543592087105500386_3668034122
October 18 2017 - 17:17,https://scontent.cdninstagram.com/t51.2885-15/e35/19425133_434029836995786_4591978264636948480_n.jpg,http://picbear.com/media/1542951396356452724_3668034122
October 18 2017 - 17:17,https://scontent.cdninstagram.com/t51.2885-15/e35/19366986_1963223223949952_3185496175935488000_n.jpg,http://picbear.com/media/1542171772466972025_3668034122
October 18 2017 - 17:17,https://scontent.cdninstagram.com/t51.2885-15/sh0.08/e35/p640x640/19367066_100668387219458_694960815555477504_n.jpg,http://picbear.com/media/1541470166112913758_3668034122
October 18 2017 - 17:17,https://scontent.cdninstagram.com/t51.2885-15/sh0.08/e35/p640x640/19227519_445925219118440_6844881932161908736_n.jpg,http://picbear.com/media/1540738201277447626_3668034122
October 18 2017 - 17:17,https://scontent.cdninstagram.com/t51.2885-15/sh0.08/e35/p640x640/19121849_1899868730252895_1020950748877291520_n.jpg,http://picbear.com/media/1540051321401883949_3668034122
October 18 2017 - 17:17,https://scontent.cdninstagram.com/t51.2885-15/e35/19121805_232561157238721_6245845521785683968_n.jpg,http://picbear.com/media/1539341012244438513_3668034122
October 18 2017 - 17:17,https://scontent.cdninstagram.com/t51.2885-15/e35/19367070_2068207170076822_8909747769644679168_n.jpg,http://picbear.com/media/1538732067519871382_3668034122
October 18 2017 - 17:17,https://scontent.cdninstagram.com/t51.2885-15/e35/19052041_826857830772787_6024066226802655232_n.jpg,http://picbear.com/media/1537787183136966552_3668034122
October 18 2017 - 17:17,https://scontent.cdninstagram.com/t51.2885-15/sh0.08/e35/p640x640/19122038_120684631857338_6611275160534122496_n.jpg,http://picbear.com/media/1537161992304099352_3668034122
October 18 2017 - 17:17,https://scontent.cdninstagram.com/t51.2885-15/e35/19051631_1178090649003489_418197830285393920_n.jpg,http://picbear.com/media/1536402025162886841_3668034122
October 18 2017 - 17:17,https://scontent.cdninstagram.com/t51.2885-15/sh0.08/e35/p640x640/19120996_1812192079093743_6062396774104956928_n.jpg,http://picbear.com/media/1535703855604735764_3668034122
October 18 2017 - 17:17,https://scontent.cdninstagram.com/t51.2885-15/e35/19051753_1498702183527615_3355916917712879616_n.jpg,http://picbear.com/media/1534964383393093245_3668034122
October 18 2017 - 17:17,https://scontent.cdninstagram.com/t51.2885-15/e35/19050466_682993118569071_6878855037573922816_n.jpg,http://picbear.com/media/1534267960234294301_3668034122
October 18 2017 - 17:17,https://scontent.cdninstagram.com/t51.2885-15/e35/18947542_1705411809762175_2296064326458408960_n.jpg,http://picbear.com/media/1533508833245484962_3668034122
October 18 2017 - 17:17,https://scontent.cdninstagram.com/t51.2885-15/e35/18888823_473472709656912_3197203015538835456_n.jpg,http://picbear.com/media/1532736521906731599_3668034122
October 18 2017 - 17:17,https://scontent.cdninstagram.com/t51.2885-15/s640x640/sh0.08/e35/18947745_130857474157823_8033993909241643008_n.jpg,http://picbear.com/media/1532735102554258981_3668034122
October 18 2017 - 17:17,https://scontent.cdninstagram.com/t51.2885-15/e35/18888483_310231519417786_8256012468262797312_n.jpg,http://picbear.com/media/1532352936205024124_3668034122
October 18 2017 - 17:17,https://scontent.cdninstagram.com/t51.2885-15/e35/18949761_184220402108862_6316611378639536128_n.jpg,http://picbear.com/media/1532342736026810613_3668034122
October 18 2017 - 17:17,https://scontent.cdninstagram.com/t51.2885-15/e35/18889101_1726618597351520_6655991435147345920_n.jpg,http://picbear.com/media/1532342599393142303_3668034122
October 18 2017 - 17:17,https://scontent.cdninstagram.com/t51.2885-15/e35/18950053_1988562184710262_2382278523545976832_n.jpg,http://picbear.com/media/1532342442668652292_3668034122
October 18 2017 - 17:17,https://scontent.cdninstagram.com/t51.2885-15/e35/18950183_289492324794525_1898636691728498688_n.jpg,http://picbear.com/media/1532086632101217718_3668034122
October 18 2017 - 17:17,https://scontent.cdninstagram.com/t51.2885-15/sh0.08/e35/p640x640/18949520_1393726917371030_3621685319281147904_n.jpg,http://picbear.com/media/1531422314619876965_3668034122
October 18 2017 - 17:17,https://scontent.cdninstagram.com/t51.2885-15/e35/18888754_418951101825434_934696411025375232_n.jpg,http://picbear.com/media/1530861690584193277_3668034122
October 18 2017 - 17:17,https://scontent.cdninstagram.com/t51.2885-15/sh0.08/e35/p640x640/18812497_474759109535810_850696716255494144_n.jpg,http://picbear.com/media/1530692854622866784_3668034122
October 18 2017 - 17:17,https://scontent.cdninstagram.com/t51.2885-15/sh0.08/e35/p640x640/18812200_638795872976489_1948944674458697728_n.jpg,http://picbear.com/media/1529891157034034945_3668034122
October 18 2017 - 17:17,https://scontent.cdninstagram.com/t51.2885-15/e35/18879419_1318541061532555_6351418832988405760_n.jpg,http://picbear.com/media/1529254400592476596_3668034122
October 18 2017 - 17:17,https://scontent.cdninstagram.com/t51.2885-15/e35/18879059_548938958827836_878942667461885952_n.jpg,http://picbear.com/media/1529142098111321060_3668034122
October 18 2017 - 17:17,https://scontent.cdninstagram.com/t51.2885-15/e35/18808876_1263713850420775_1773764404542701568_n.jpg,http://picbear.com/media/1528674944735888383_3668034122
October 18 2017 - 17:17,https://scontent.cdninstagram.com/t51.2885-15/e35/18723622_786319421530886_6990937534922489856_n.jpg,http://picbear.com/media/1528357088165033191_3668034122
October 18 2017 - 17:17,https://scontent.cdninstagram.com/t51.2885-15/e35/18809001_278046645937576_6460097018999078912_n.jpg,http://picbear.com/media/1527950319152512019_3668034122
October 18 2017 - 17:17,https://scontent.cdninstagram.com/t51.2885-15/e35/18809098_112131949380432_6448342535323516928_n.jpg,http://picbear.com/media/1527735598486823178_3668034122
October 18 2017 - 17:17,https://scontent.cdninstagram.com/t51.2885-15/sh0.08/e35/p640x640/18723176_214294825755802_7435927757747388416_n.jpg,http://picbear.com/media/1526466417212662459_3668034122
October 18 2017 - 17:17,https://scontent.cdninstagram.com/t51.2885-15/sh0.08/e35/p640x640/18809270_1372095232867070_7023561947589115904_n.jpg,http://picbear.com/media/1526466092313409379_3668034122
October 18 2017 - 17:17,https://scontent.cdninstagram.com/t51.2885-15/sh0.08/e35/p640x640/18723076_120901705155559_7469192412598894592_n.jpg,http://picbear.com/media/1526465734388473365_3668034122
October 18 2017 - 17:17,https://scontent.cdninstagram.com/t51.2885-15/sh0.08/e35/p640x640/18722436_1567595853259190_9003573670982975488_n.jpg,http://picbear.com/media/1526464750253600698_3668034122
October 18 2017 - 17:17,https://scontent.cdninstagram.com/t51.2885-15/sh0.08/e35/p640x640/18723333_1914844345427106_424634792261189632_n.jpg,http://picbear.com/media/1525819578813521108_3668034122
October 18 2017 - 17:17,https://scontent.cdninstagram.com/t51.2885-15/sh0.08/e35/p640x640/18722475_335256300226408_2641123592451915776_n.jpg,http://picbear.com/media/1525615927604045747_3668034122
October 18 2017 - 17:17,https://scontent.cdninstagram.com/t51.2885-15/sh0.08/e35/p640x640/18722102_868705989955186_4450522889677963264_n.jpg,http://picbear.com/media/1525097044040428007_3668034122
October 18 2017 - 17:17,https://scontent.cdninstagram.com/t51.2885-15/e35/18646566_1806806426304418_3991126414534377472_n.jpg,http://picbear.com/media/1524807037052513644_3668034122
October 18 2017 - 17:17,https://scontent.cdninstagram.com/t51.2885-15/sh0.08/e35/p640x640/18645714_1377813545635599_5478891214579171328_n.jpg,http://picbear.com/media/1524042680353804862_3668034122
October 18 2017 - 17:17,https://scontent.cdninstagram.com/t51.2885-15/sh0.08/e35/p640x640/18646344_1820359894958555_3869107037900111872_n.jpg,http://picbear.com/media/1523673057447918660_3668034122
October 18 2017 - 17:17,https://scontent.cdninstagram.com/t51.2885-15/sh0.08/e35/p640x640/18721796_1884858901838371_7122058454063120384_n.jpg,http://picbear.com/media/1523494573589361102_3668034122
October 18 2017 - 17:17,https://scontent.cdninstagram.com/t51.2885-15/sh0.08/e35/p640x640/18722728_792702217559124_2056715174965936128_n.jpg,http://picbear.com/media/1523310766865075112_3668034122
October 18 2017 - 17:17,https://scontent.cdninstagram.com/t51.2885-15/sh0.08/e35/p640x640/18581446_1126288690808558_8791875703625744384_n.jpg,http://picbear.com/media/1522634025234400453_3668034122
October 18 2017 - 17:17,https://scontent.cdninstagram.com/t51.2885-15/s640x640/sh0.08/e35/18581000_256321598169330_2546002633919823872_n.jpg,http://picbear.com/media/1522124680465799679_3668034122
October 18 2017 - 17:17,https://scontent.cdninstagram.com/t51.2885-15/sh0.08/e35/p640x640/18580503_180938162432422_8128908863962349568_n.jpg,http://picbear.com/media/1521883897787623303_3668034122
October 18 2017 - 17:17,https://scontent.cdninstagram.com/t51.2885-15/s640x640/sh0.08/e35/18579663_1955928617972673_6846489766054068224_n.jpg,http://picbear.com/media/1520620588463616469_3668034122
October 18 2017 - 17:17,https://scontent.cdninstagram.com/t51.2885-15/s640x640/sh0.08/e35/18645753_1709314482695574_276923634226823168_n.jpg,http://picbear.com/media/1520617540362195012_3668034122
October 18 2017 - 17:17,https://scontent.cdninstagram.com/t51.2885-15/sh0.08/e35/p640x640/18580151_1798654923495008_1781756578471346176_n.jpg,http://picbear.com/media/1520611056362545026_3668034122
October 18 2017 - 17:17,https://scontent.cdninstagram.com/t51.2885-15/e35/18579960_127681737797967_1148117145599606784_n.jpg,http://picbear.com/media/1520423715568339536_3668034122
October 18 2017 - 17:17,https://scontent.cdninstagram.com/t51.2885-15/e35/18580831_775687192608238_2170440467240452096_n.jpg,http://picbear.com/media/1519667514962162677_3668034122
October 18 2017 - 17:17,https://scontent.cdninstagram.com/t51.2885-15/sh0.08/e35/p640x640/18513372_327712970981495_202229157902417920_n.jpg,http://picbear.com/media/1519015002634480033_3668034122
October 18 2017 - 17:17,https://scontent.cdninstagram.com/t51.2885-15/e35/18580879_767588643417030_4028127918566670336_n.jpg,http://picbear.com/media/1518222441229611258_3668034122
October 18 2017 - 17:17,https://scontent.cdninstagram.com/t51.2885-15/s640x640/sh0.08/e35/18445046_374492316285974_4128940305766416384_n.jpg,http://picbear.com/media/1517545123989579608_3668034122
October 18 2017 - 17:17,https://scontent.cdninstagram.com/t51.2885-15/e35/18444444_467165180289941_6869863828482424832_n.jpg,http://picbear.com/media/1516792294706256535_3668034122
October 18 2017 - 17:17,https://scontent.cdninstagram.com/t51.2885-15/e35/18443969_409903506075105_3563879766761144320_n.jpg,http://picbear.com/media/1516056215007226268_3668034122
October 18 2017 - 17:17,https://scontent.cdninstagram.com/t51.2885-15/e35/18444397_962806487155584_4955465912447664128_n.jpg,http://picbear.com/media/1515393842197849190_3668034122
October 18 2017 - 17:17,https://scontent.cdninstagram.com/t51.2885-15/s640x640/sh0.08/e35/18443236_685680011618976_2709222180125671424_n.jpg,http://picbear.com/media/1514675484406086280_3668034122
October 18 2017 - 17:17,https://scontent.cdninstagram.com/t51.2885-15/e35/18382634_641143796096496_2125907841133838336_n.jpg,http://picbear.com/media/1514553648028816548_3668034122
October 18 2017 - 17:17,https://scontent.cdninstagram.com/t51.2885-15/e35/18380691_943698455771314_6956540812591104000_n.jpg,http://picbear.com/media/1513086272796043039_3668034122
October 18 2017 - 17:17,https://scontent.cdninstagram.com/t51.2885-15/e35/18382312_125848754643615_6711131380639596544_n.jpg,http://picbear.com/media/1513086060438236329_3668034122
October 18 2017 - 17:17,https://scontent.cdninstagram.com/t51.2885-15/e35/18382009_214931182329809_3401426648879333376_n.jpg,http://picbear.com/media/1513085856771371514_3668034122
October 18 2017 - 17:17,https://scontent.cdninstagram.com/t51.2885-15/e35/18380899_1439144176148644_3241033869759086592_n.jpg,http://picbear.com/media/1513085551333627746_3668034122
October 18 2017 - 17:17,https://scontent.cdninstagram.com/t51.2885-15/e35/18380152_1514919131853756_3036151955371065344_n.jpg,http://picbear.com/media/1513085301931956081_3668034122
October 18 2017 - 17:17,https://scontent.cdninstagram.com/t51.2885-15/e35/18443249_106173396627683_4426061131076861952_n.jpg,http://picbear.com/media/1513085002878284276_3668034122
October 18 2017 - 17:17,https://scontent.cdninstagram.com/t51.2885-15/e35/18380989_1914317715447918_9121078697686728704_n.jpg,http://picbear.com/media/1513080768476535267_3668034122
October 18 2017 - 17:17,https://scontent.cdninstagram.com/t51.2885-15/e35/18443269_152062808664191_7505098403617964032_n.jpg,http://picbear.com/media/1513080178639925300_3668034122
October 18 2017 - 17:17,https://scontent.cdninstagram.com/t51.2885-15/e35/18443222_239300696550796_3080726474588684288_n.jpg,http://picbear.com/media/1513079974268319706_3668034122
October 18 2017 - 17:17,https://scontent.cdninstagram.com/t51.2885-15/e35/18380113_214011509105586_5532552677709316096_n.jpg,http://picbear.com/media/1512538825862582519_3668034122
October 18 2017 - 17:17,https://scontent.cdninstagram.com/t51.2885-15/sh0.08/e35/p640x640/18444049_145496692658273_4927515137163657216_n.jpg,http://picbear.com/media/1512404591508257680_3668034122
October 18 2017 - 17:17,https://scontent.cdninstagram.com/t51.2885-15/e35/18444355_415614875462484_9127769651143507968_n.jpg,http://picbear.com/media/1511747081063535595_3668034122
October 18 2017 - 17:17,https://scontent.cdninstagram.com/t51.2885-15/e35/18300171_299614283784253_6816976752250716160_n.jpg,http://picbear.com/media/1511007595195007398_3668034122
October 18 2017 - 17:17,https://scontent.cdninstagram.com/t51.2885-15/e35/18300238_1866975043556673_4206166085491228672_n.jpg,http://picbear.com/media/1510255266216870651_3668034122
October 18 2017 - 17:17,https://scontent.cdninstagram.com/t51.2885-15/s640x640/sh0.08/e35/18380175_1825622117765521_2723537598181015552_n.jpg,http://picbear.com/media/1509568863359450651_3668034122
October 18 2017 - 17:17,https://scontent.cdninstagram.com/t51.2885-15/e35/18299263_218025642020373_8199920414420369408_n.jpg,http://picbear.com/media/1508906213214296745_3668034122
October 18 2017 - 17:17,https://scontent.cdninstagram.com/t51.2885-15/e35/18299599_127095601174251_2659765249460142080_n.jpg,http://picbear.com/media/1508854405230172645_3668034122
October 18 2017 - 17:17,https://scontent.cdninstagram.com/t51.2885-15/sh0.08/e35/p640x640/18253176_422203818141534_5117671747587407872_n.jpg,http://picbear.com/media/1508149289082659198_3668034122
October 18 2017 - 17:17,https://scontent.cdninstagram.com/t51.2885-15/sh0.08/e35/p640x640/18252271_233360730479764_9046574252190334976_n.jpg,http://picbear.com/media/1507554740140313820_3668034122
October 18 2017 - 17:17,https://scontent.cdninstagram.com/t51.2885-15/e35/18253281_414433148930692_7578206757109891072_n.jpg,http://picbear.com/media/1507359399256452443_3668034122
October 18 2017 - 17:17,https://scontent.cdninstagram.com/t51.2885-15/e35/18252482_1731808410397965_2735839484028387328_n.jpg,http://picbear.com/media/1506735504295817282_3668034122
October 18 2017 - 17:17,https://scontent.cdninstagram.com/t51.2885-15/e35/18161523_421320821575195_541616644703649792_n.jpg,http://picbear.com/media/1506042479236204766_3668034122
October 18 2017 - 17:17,https://scontent.cdninstagram.com/t51.2885-15/e35/18252849_1880263015564655_5116266949684232192_n.jpg,http://picbear.com/media/1505934956214788488_3668034122
October 18 2017 - 17:17,https://scontent.cdninstagram.com/t51.2885-15/e35/18298423_110233599511020_2152186452505526272_n.jpg,http://picbear.com/media/1505397656779033365_3668034122
October 18 2017 - 17:17,https://scontent.cdninstagram.com/t51.2885-15/e35/18161082_1751873405103673_3460907517817651200_n.jpg,http://picbear.com/media/1505189238659312272_3668034122
October 18 2017 - 17:17,https://scontent.cdninstagram.com/t51.2885-15/s640x640/sh0.08/e35/18161931_1354704571290439_5714934796031885312_n.jpg,http://picbear.com/media/1504596622225855018_3668034122
October 18 2017 - 17:17,https://scontent.cdninstagram.com/t51.2885-15/sh0.08/e35/p640x640/18160607_104816126756020_4246591696365682688_n.jpg,http://picbear.com/media/1504498049555583212_3668034122
October 18 2017 - 17:17,https://scontent.cdninstagram.com/t51.2885-15/s640x640/sh0.08/e35/18160733_1820141051640267_2107146376012890112_n.jpg,http://picbear.com/media/1503859426195914911_3668034122
October 18 2017 - 17:17,https://scontent.cdninstagram.com/t51.2885-15/sh0.08/e35/p640x640/18161050_1536408963066957_412419471479668736_n.jpg,http://picbear.com/media/1503005956207229085_3668034122
October 18 2017 - 17:17,https://scontent.cdninstagram.com/t51.2885-15/sh0.08/e35/p640x640/18013188_303769590060261_2819332875168514048_n.jpg,http://picbear.com/media/1502353407926029690_3668034122
October 18 2017 - 17:17,https://scontent.cdninstagram.com/t51.2885-15/e35/18160712_210989106068955_5653643860371308544_n.jpg,http://picbear.com/media/1500917096320907721_3668034122
October 18 2017 - 17:17,https://scontent.cdninstagram.com/t51.2885-15/sh0.08/e35/p640x640/18095905_1465216173551719_933616785096179712_n.jpg,http://picbear.com/media/1500402890672889538_3668034122
October 18 2017 - 17:17,https://scontent.cdninstagram.com/t51.2885-15/e35/18096048_826562687495346_6683062047078350848_n.jpg,http://picbear.com/media/1500157243919072380_3668034122
October 18 2017 - 17:17,https://scontent.cdninstagram.com/t51.2885-15/e35/18096320_293653067739031_5041891121278484480_n.jpg,http://picbear.com/media/1499616895652264485_3668034122
October 18 2017 - 17:17,https://scontent.cdninstagram.com/t51.2885-15/sh0.08/e35/p640x640/18095198_958079034328064_4514700112080928768_n.jpg,http://picbear.com/media/1498693761973560977_3668034122
October 18 2017 - 17:17,https://scontent.cdninstagram.com/t51.2885-15/e35/17882692_197252124121869_9182249275478769664_n.jpg,http://picbear.com/media/1498118260380664233_3668034122
October 18 2017 - 17:17,https://scontent.cdninstagram.com/t51.2885-15/e35/18012070_431603457217109_685709816777146368_n.jpg,http://picbear.com/media/1497958448338616652_3668034122
October 18 2017 - 17:17,https://scontent.cdninstagram.com/t51.2885-15/sh0.08/e35/p640x640/18011329_1484166991613519_8513781029385797632_n.jpg,http://picbear.com/media/1497258734513526179_3668034122
October 18 2017 - 17:17,https://scontent.cdninstagram.com/t51.2885-15/sh0.08/e35/p640x640/17882646_401305840255059_607223352481808384_n.jpg,http://picbear.com/media/1496609635258842744_3668034122
October 18 2017 - 17:17,https://scontent.cdninstagram.com/t51.2885-15/sh0.08/e35/p640x640/17933771_936026183166823_3196752232951316480_n.jpg,http://picbear.com/media/1495897964839992114_3668034122
October 18 2017 - 17:17,https://scontent.cdninstagram.com/t51.2885-15/e35/17934637_1699530407007009_8530031544956354560_n.jpg,http://picbear.com/media/1494696774324280948_3668034122
October 18 2017 - 17:17,https://scontent.cdninstagram.com/t51.2885-15/e35/17495335_1118437411634884_1610979650761129984_n.jpg,http://picbear.com/media/1494600585503349921_3668034122
October 18 2017 - 17:17,https://scontent.cdninstagram.com/t51.2885-15/e35/17881804_1742766152682213_559993800445919232_n.jpg,http://picbear.com/media/1494567474250044375_3668034122
October 18 2017 - 17:17,https://scontent.cdninstagram.com/t51.2885-15/e35/18011477_631345690398330_7189464040173731840_n.jpg,http://picbear.com/media/1494564841560745148_3668034122
October 18 2017 - 17:17,https://scontent.cdninstagram.com/t51.2885-15/e35/17882376_1217453265019273_2401801632397393920_n.jpg,http://picbear.com/media/1494556950523197677_3668034122
October 18 2017 - 17:17,https://scontent.cdninstagram.com/t51.2885-15/e35/18011258_446286309054724_4219171766154559488_n.jpg,http://picbear.com/media/1494554057720019259_3668034122
October 18 2017 - 17:17,https://scontent.cdninstagram.com/t51.2885-15/sh0.08/e35/p640x640/17934619_1465457473518000_2835145596132655104_n.jpg,http://picbear.com/media/1494360619942763794_3668034122
October 18 2017 - 17:17,https://scontent.cdninstagram.com/t51.2885-15/sh0.08/e35/p640x640/17932003_1822591668002319_334775203026436096_n.jpg,http://picbear.com/media/1493599106235710188_3668034122
October 18 2017 - 17:17,https://scontent.cdninstagram.com/t51.2885-15/sh0.08/e35/p640x640/17883202_1922736047970258_569897569828732928_n.jpg,http://picbear.com/media/1492505332441435180_3668034122
October 18 2017 - 17:17,https://scontent.cdninstagram.com/t51.2885-15/sh0.08/e35/p640x640/17881960_1526617254017937_4203900868199710720_n.jpg,http://picbear.com/media/1492446288712475977_3668034122
October 18 2017 - 17:17,https://scontent.cdninstagram.com/t51.2885-15/e35/17818693_314994522250427_7957555031949967360_n.jpg,http://picbear.com/media/1490931094437480496_3668034122
October 18 2017 - 17:17,https://scontent.cdninstagram.com/t51.2885-15/sh0.08/e35/p640x640/17819229_1871899516388142_1898399132792389632_n.jpg,http://picbear.com/media/1490153155726750112_3668034122
October 18 2017 - 17:17,https://scontent.cdninstagram.com/t51.2885-15/sh0.08/e35/p640x640/17881212_1777559275892324_1556264305735761920_n.jpg,http://picbear.com/media/1489398875206119747_3668034122
October 18 2017 - 17:17,https://scontent.cdninstagram.com/t51.2885-15/sh0.08/e35/p640x640/17817508_1054726888005530_7771808798888427520_n.jpg,http://picbear.com/media/1488803148335440225_3668034122
October 18 2017 - 17:17,https://scontent.cdninstagram.com/t51.2885-15/sh0.08/e35/p640x640/17494979_438238276524194_1193769327946366976_n.jpg,http://picbear.com/media/1487877951319799475_3668034122
October 18 2017 - 17:17,https://scontent.cdninstagram.com/t51.2885-15/sh0.08/e35/p640x640/17817671_206068669891003_184107200526942208_n.jpg,http://picbear.com/media/1487075550110852019_3668034122
October 18 2017 - 17:17,https://scontent.cdninstagram.com/t51.2885-15/sh0.08/e35/p640x640/17818420_1254652451309179_3656989782950543360_n.jpg,http://picbear.com/media/1486373119299328933_3668034122
October 18 2017 - 17:17,https://scontent.cdninstagram.com/t51.2885-15/sh0.08/e35/p640x640/17438327_1224467697650672_6237950985348579328_n.jpg,http://picbear.com/media/1486363206682509697_3668034122
October 18 2017 - 17:17,https://scontent.cdninstagram.com/t51.2885-15/sh0.08/e35/p640x640/17817838_1626724147343117_3129930719443288064_n.jpg,http://picbear.com/media/1485938729905654741_3668034122
October 18 2017 - 17:17,https://scontent.cdninstagram.com/t51.2885-15/sh0.08/e35/p640x640/17586586_392730071113919_6147034932943257600_n.jpg,http://picbear.com/media/1485936145232860276_3668034122
October 18 2017 - 17:17,https://scontent.cdninstagram.com/t51.2885-15/sh0.08/e35/p640x640/17495334_1881540788789838_6608429328088694784_n.jpg,http://picbear.com/media/1485908152213170353_3668034122
October 18 2017 - 17:17,https://scontent.cdninstagram.com/t51.2885-15/sh0.08/e35/p640x640/17494665_187290938447312_6294666346319839232_n.jpg,http://picbear.com/media/1485719439898198691_3668034122
October 18 2017 - 17:17,https://scontent.cdninstagram.com/t51.2885-15/sh0.08/e35/p640x640/17596303_291909731232745_1200733548697354240_n.jpg,http://picbear.com/media/1484424789400932093_3668034122
October 18 2017 - 17:17,https://scontent.cdninstagram.com/t51.2885-15/sh0.08/e35/p640x640/17586554_408241302865082_2085014336522158080_n.jpg,http://picbear.com/media/1483462897400462102_3668034122
October 18 2017 - 17:17,https://scontent.cdninstagram.com/t51.2885-15/e35/17587009_1808396376149835_3629529398442459136_n.jpg,http://picbear.com/media/1481557911372397212_3668034122
October 18 2017 - 17:17,https://scontent.cdninstagram.com/t51.2885-15/e35/17438263_978398732291324_5240799144179662848_n.jpg,http://picbear.com/media/1481533088583770885_3668034122
October 18 2017 - 17:17,https://scontent.cdninstagram.com/t51.2885-15/e35/17494140_102981780247166_4963984198395232256_n.jpg,http://picbear.com/media/1481468519404440723_3668034122
October 18 2017 - 17:17,https://scontent.cdninstagram.com/t51.2885-15/e35/17596198_294499244317030_4099491372875120640_n.jpg,http://picbear.com/media/1481370104582507711_3668034122
October 18 2017 - 17:17,https://scontent.cdninstagram.com/t51.2885-15/sh0.08/e35/p640x640/17662659_206252819859630_2646011780630839296_n.jpg,http://picbear.com/media/1481298691649450606_3668034122
October 18 2017 - 17:17,https://scontent.cdninstagram.com/t51.2885-15/e35/17596631_1806001473059870_6462766276749033472_n.jpg,http://picbear.com/media/1480911371255639259_3668034122
October 18 2017 - 17:17,https://scontent.cdninstagram.com/t51.2885-15/e35/17586687_1870564073156909_4051900730053754880_n.jpg,http://picbear.com/media/1480877978103002787_3668034122
October 18 2017 - 17:17,https://scontent.cdninstagram.com/t51.2885-15/e35/17662319_253305661798027_1505239188021182464_n.jpg,http://picbear.com/media/1480785636884883621_3668034122
October 18 2017 - 17:17,https://scontent.cdninstagram.com/t51.2885-15/e35/17438387_126121724590985_8235306473878454272_n.jpg,http://picbear.com/media/1480678395829704881_3668034122
October 18 2017 - 17:17,https://scontent.cdninstagram.com/t51.2885-15/e35/17493511_1305167819562565_965651455803392000_n.jpg,http://picbear.com/media/1480039145262200278_3668034122
October 18 2017 - 17:17,https://scontent.cdninstagram.com/t51.2885-15/s640x640/sh0.08/e35/17439059_267296747044370_666823144769585152_n.jpg,http://picbear.com/media/1479289053995531790_3668034122
October 18 2017 - 17:17,https://scontent.cdninstagram.com/t51.2885-15/sh0.08/e35/p640x640/17494730_725046307672579_8287457083477983232_n.jpg,http://picbear.com/media/1479140920019803316_3668034122
October 18 2017 - 17:17,https://scontent.cdninstagram.com/t51.2885-15/sh0.08/e35/p640x640/17493882_184356538737416_1948817298613600256_n.jpg,http://picbear.com/media/1478694371766599212_3668034122
October 18 2017 - 17:17,https://scontent.cdninstagram.com/t51.2885-15/sh0.08/e35/p640x640/17439267_1262621140500365_4700158320340631552_n.jpg,http://picbear.com/media/1478460779861952498_3668034122
October 18 2017 - 17:17,https://scontent.cdninstagram.com/t51.2885-15/sh0.08/e35/p640x640/17493620_1194659487318300_7307981201690591232_n.jpg,http://picbear.com/media/1477821893989706039_3668034122
October 18 2017 - 17:17,https://scontent.cdninstagram.com/t51.2885-15/sh0.08/e35/p640x640/17493560_961544533981730_2772114245234458624_n.jpg,http://picbear.com/media/1477072371914808017_3668034122
October 18 2017 - 17:17,https://scontent.cdninstagram.com/t51.2885-15/e35/17438640_435884116744941_5410413660466053120_n.jpg,http://picbear.com/media/1476425494953278870_3668034122
October 18 2017 - 17:17,https://scontent.cdninstagram.com/t51.2885-15/sh0.08/e35/p640x640/17333960_1188174811281636_3265340781904265216_n.jpg,http://picbear.com/media/1475622801443774685_3668034122
October 18 2017 - 17:17,https://scontent.cdninstagram.com/t51.2885-15/e35/17333698_285863941845634_671937952602914816_n.jpg,http://picbear.com/media/1475104735970598799_3668034122
October 18 2017 - 17:17,https://scontent.cdninstagram.com/t51.2885-15/e35/17265826_264116444031289_2454439295583256576_n.jpg,http://picbear.com/media/1474820537431000739_3668034122
October 18 2017 - 17:17,https://scontent.cdninstagram.com/t51.2885-15/e35/17333214_206107886540126_1734864318807146496_n.jpg,http://picbear.com/media/1474165048573571260_3668034122
October 18 2017 - 17:17,https://scontent.cdninstagram.com/t51.2885-15/e35/17334156_421060431580125_3321106873498730496_n.jpg,http://picbear.com/media/1473645090051469075_3668034122
October 18 2017 - 17:17,https://scontent.cdninstagram.com/t51.2885-15/sh0.08/e35/p640x640/17333009_629370910587913_7825079617563131904_n.jpg,http://picbear.com/media/1473435944698241378_3668034122
October 18 2017 - 17:17,https://scontent.cdninstagram.com/t51.2885-15/sh0.08/e35/p640x640/17267449_1876144869289874_5315462430451564544_n.jpg,http://picbear.com/media/1472629359570647081_3668034122
October 18 2017 - 17:17,https://scontent.cdninstagram.com/t51.2885-15/sh0.08/e35/p640x640/17267841_109645752870617_4899969823972261888_n.jpg,http://picbear.com/media/1471913636028268306_3668034122
October 18 2017 - 17:17,https://scontent.cdninstagram.com/t51.2885-15/sh0.08/e35/p640x640/17333555_968338156635647_5937227958082076672_n.jpg,http://picbear.com/media/1471176814809756338_3668034122
October 18 2017 - 17:17,https://scontent.cdninstagram.com/t51.2885-15/sh0.08/e35/p640x640/17334152_1902093546694168_7662485392825778176_n.jpg,http://picbear.com/media/1470482446557765321_3668034122
October 18 2017 - 17:17,https://scontent.cdninstagram.com/t51.2885-15/e35/17126919_1872908449588003_6431163580967550976_n.jpg,http://picbear.com/media/1469733846324157770_3668034122
October 18 2017 - 17:17,https://scontent.cdninstagram.com/t51.2885-15/e35/17267679_1844501289122134_4215669804440223744_n.jpg,http://picbear.com/media/1469000984813867461_3668034122
October 18 2017 - 17:17,https://scontent.cdninstagram.com/t51.2885-15/sh0.08/e35/p640x640/17125872_1824506991122932_7240133955502997504_n.jpg,http://picbear.com/media/1468524019249856338_3668034122
October 18 2017 - 17:17,https://scontent.cdninstagram.com/t51.2885-15/sh0.08/e35/p640x640/17267327_1663754380587506_6958139841800306688_n.jpg,http://picbear.com/media/1467795568603867204_3668034122
October 18 2017 - 17:17,https://scontent.cdninstagram.com/t51.2885-15/sh0.08/e35/p640x640/17126464_243814042693460_7703800744830304256_n.jpg,http://picbear.com/media/1467790667458975445_3668034122
October 18 2017 - 17:17,https://scontent.cdninstagram.com/t51.2885-15/e35/17127177_1755267321455950_29287407761227776_n.jpg,http://picbear.com/media/1467126805126637687_3668034122
October 18 2017 - 17:17,https://scontent.cdninstagram.com/t51.2885-15/e35/17125994_1805471676441957_2554597086817419264_n.jpg,http://picbear.com/media/1466983622208010421_3668034122
October 18 2017 - 17:17,https://scontent.cdninstagram.com/t51.2885-15/sh0.08/e35/p640x640/17077607_1905840379647125_7095064850895732736_n.jpg,http://picbear.com/media/1466307897754698438_3668034122
October 18 2017 - 17:17,https://scontent.cdninstagram.com/t51.2885-15/sh0.08/e35/p640x640/17125774_400643743632672_4429831790240202752_n.jpg,http://picbear.com/media/1465416952087791851_3668034122
October 18 2017 - 17:17,https://scontent.cdninstagram.com/t51.2885-15/sh0.08/e35/p640x640/17126005_1250639778337807_497080101586862080_n.jpg,http://picbear.com/media/1464748451836623848_3668034122
October 18 2017 - 17:17,https://scontent.cdninstagram.com/t51.2885-15/s640x640/sh0.08/e35/17077442_1339924622718049_8614492991660228608_n.jpg,http://picbear.com/media/1463459147466265782_3668034122
October 18 2017 - 17:17,https://scontent.cdninstagram.com/t51.2885-15/e35/17075904_1993919784168966_3415881687731535872_n.jpg,http://picbear.com/media/1463139494667901814_3668034122
October 18 2017 - 17:17,https://scontent.cdninstagram.com/t51.2885-15/sh0.08/e35/p640x640/17075909_1816030332056284_9000528036658937856_n.jpg,http://picbear.com/media/1461878582824681417_3668034122
October 18 2017 - 17:17,https://scontent.cdninstagram.com/t51.2885-15/s640x640/sh0.08/e35/16906520_152514401933014_739549430855761920_n.jpg,http://picbear.com/media/1461822203879728957_3668034122
October 18 2017 - 17:17,https://scontent.cdninstagram.com/t51.2885-15/e35/17076668_1635659803408394_8429269108226260992_n.jpg,http://picbear.com/media/1460569363387315243_3668034122
October 18 2017 - 17:17,https://scontent.cdninstagram.com/t51.2885-15/e35/17076041_472396303149450_1419123234015543296_n.jpg,http://picbear.com/media/1460380333764948233_3668034122
October 18 2017 - 17:17,https://scontent.cdninstagram.com/t51.2885-15/sh0.08/e35/p640x640/17075791_777235619099012_2067979804736487424_n.jpg,http://picbear.com/media/1459650563666105097_3668034122
October 18 2017 - 17:17,https://scontent.cdninstagram.com/t51.2885-15/e35/16906234_178915872606162_5853985917018046464_n.jpg,http://picbear.com/media/1459146353187193503_3668034122
October 18 2017 - 17:17,https://scontent.cdninstagram.com/t51.2885-15/sh0.08/e35/p640x640/16789399_1317377531651934_1174198849900642304_n.jpg,http://picbear.com/media/1459061363258659114_3668034122
October 18 2017 - 17:17,https://scontent.cdninstagram.com/t51.2885-15/sh0.08/e35/p640x640/16908292_1159285010860472_7843623289187467264_n.jpg,http://picbear.com/media/1458998474250247115_3668034122
October 18 2017 - 17:17,https://scontent.cdninstagram.com/t51.2885-15/sh0.08/e35/p640x640/16788957_1280517212042726_5854917869086703616_n.jpg,http://picbear.com/media/1456735321025954100_3668034122
October 18 2017 - 17:17,https://scontent.cdninstagram.com/t51.2885-15/s640x640/sh0.08/e35/16789629_1221788887868499_8396368499097731072_n.jpg,http://picbear.com/media/1456691721722497984_3668034122
October 18 2017 - 17:17,https://scontent.cdninstagram.com/t51.2885-15/e35/16789021_407112799637843_3417105465648087040_n.jpg,http://picbear.com/media/1456087288080915166_3668034122
October 18 2017 - 17:17,https://scontent.cdninstagram.com/t51.2885-15/s640x640/sh0.08/e35/16906963_1255577057858742_2310462714691977216_n.jpg,http://picbear.com/media/1454571344695248193_3668034122
October 18 2017 - 17:17,https://scontent.cdninstagram.com/t51.2885-15/sh0.08/e35/p640x640/16585271_164441157394263_7334587750995197952_n.jpg,http://picbear.com/media/1453789862888365398_3668034122
October 18 2017 - 17:17,https://scontent.cdninstagram.com/t51.2885-15/sh0.08/e35/p640x640/16585324_257690324673792_8030671245232046080_n.jpg,http://picbear.com/media/1453074886812880761_3668034122
October 18 2017 - 17:17,https://scontent.cdninstagram.com/t51.2885-15/s640x640/sh0.08/e35/16789606_1871565669794053_2960521378039595008_n.jpg,http://picbear.com/media/1452544855007703119_3668034122
October 18 2017 - 17:17,https://scontent.cdninstagram.com/t51.2885-15/sh0.08/e35/p640x640/16464059_273710293063204_9061182380856836096_n.jpg,http://picbear.com/media/1450904349241017269_3668034122
October 18 2017 - 17:17,https://scontent.cdninstagram.com/t51.2885-15/sh0.08/e35/p640x640/16583988_164089044093780_9187205646263517184_n.jpg,http://picbear.com/media/1448669321861874782_3668034122
October 18 2017 - 17:17,https://scontent.cdninstagram.com/t51.2885-15/sh0.08/e35/p640x640/16464121_1239237856167920_3818195315912081408_n.jpg,http://picbear.com/media/1447375443460476610_3668034122
October 18 2017 - 17:17,https://scontent.cdninstagram.com/t51.2885-15/e35/16464557_189828534830926_1390310965601370112_n.jpg,http://picbear.com/media/1445751313313046796_3668034122
October 18 2017 - 17:17,https://scontent.cdninstagram.com/t51.2885-15/e35/16585443_216859512111824_141101611387715584_n.jpg,http://picbear.com/media/1444999741599692724_3668034122
October 18 2017 - 17:17,https://scontent.cdninstagram.com/t51.2885-15/e35/16465763_254106998361459_2338142589208756224_n.jpg,http://picbear.com/media/1441420002498778627_3668034122
October 18 2017 - 17:17,https://scontent.cdninstagram.com/t51.2885-15/sh0.08/e35/p640x640/16230094_1088124874650453_5754085261180928000_n.jpg,http://picbear.com/media/1439343822782171277_3668034122
October 18 2017 - 17:17,https://scontent.cdninstagram.com/t51.2885-15/e35/16230300_684017341759295_6323465871566045184_n.jpg,http://picbear.com/media/1438904749290572398_3668034122
October 18 2017 - 17:17,https://scontent.cdninstagram.com/t51.2885-15/e35/16230640_1629650050665240_9017354704912384000_n.jpg,http://picbear.com/media/1438904555060847875_3668034122
October 18 2017 - 17:17,https://scontent.cdninstagram.com/t51.2885-15/e35/16110379_1630149960345562_6512033975450468352_n.jpg,http://picbear.com/media/1434999554362029715_3668034122
October 18 2017 - 17:17,https://scontent.cdninstagram.com/t51.2885-15/s640x640/sh0.08/e35/16110733_2177572909135174_6071265714067472384_n.jpg,http://picbear.com/media/1432071930756996400_3668034122
October 18 2017 - 17:17,https://scontent.cdninstagram.com/t51.2885-15/sh0.08/e35/p640x640/16110795_944972235634504_7207950004617478144_n.jpg,http://picbear.com/media/1427689714816049140_3668034122
October 18 2017 - 17:17,https://scontent.cdninstagram.com/t51.2885-15/sh0.08/e35/p640x640/14498985_1809743182612622_7028905324992004096_n.jpg,http://picbear.com/media/1427688935698852669_3668034122
October 18 2017 - 17:17,https://scontent.cdninstagram.com/t51.2885-15/e35/15876400_240607266364034_2507133038157103104_n.jpg,http://picbear.com/media/1423393924077470855_3668034122
October 18 2017 - 17:17,https://scontent.cdninstagram.com/t51.2885-15/sh0.08/e35/p640x640/15625396_1150010428381714_1498446817501642752_n.jpg,http://picbear.com/media/1417799484662045281_3668034122
October 18 2017 - 17:17,https://scontent.cdninstagram.com/t51.2885-15/sh0.08/e35/p640x640/15538345_733993406754017_611904639201181696_n.jpg,http://picbear.com/media/1412759300073676921_3668034122
October 18 2017 - 17:17,https://scontent.cdninstagram.com/t51.2885-15/sh0.08/e35/p640x640/15538636_1180951668640858_1856925897790062592_n.jpg,http://picbear.com/media/1412758142730999843_3668034122
October 18 2017 - 17:17,https://scontent.cdninstagram.com/t51.2885-15/sh0.08/e35/p640x640/15625444_282117408857782_8297144042911694848_n.jpg,http://picbear.com/media/1412757260920583838_3668034122
October 18 2017 - 17:17,https://scontent.cdninstagram.com/t51.2885-15/sh0.08/e35/p640x640/15624711_217869235338050_3346507185533222912_n.jpg,http://picbear.com/media/1412753317150673802_3668034122
October 18 2017 - 17:17,https://scontent.cdninstagram.com/t51.2885-15/sh0.08/e35/p640x640/15538676_1832853080284228_3852919417830637568_n.jpg,http://picbear.com/media/1412714423562714010_3668034122
October 18 2017 - 17:17,https://scontent.cdninstagram.com/t51.2885-15/e35/15625027_1837488743202771_5282811483476983808_n.jpg,http://picbear.com/media/1412501312159251571_3668034122
October 18 2017 - 17:17,https://scontent.cdninstagram.com/t51.2885-15/e35/14597419_381593215509516_7170954844251881472_n.jpg,http://picbear.com/media/1401028309776900529_3668034122
October 18 2017 - 17:17,https://scontent.cdninstagram.com/t51.2885-15/sh0.08/e35/p640x640/15275648_225553221206722_7027141978923991040_n.jpg,http://picbear.com/media/1397232173102514274_3668034122
October 18 2017 - 17:17,https://scontent.cdninstagram.com/t51.2885-15/sh0.08/e35/p640x640/15258563_340500202991238_4366823456071745536_n.jpg,http://picbear.com/media/1395677539426691516_3668034122
October 18 2017 - 17:17,https://scontent.cdninstagram.com/t51.2885-15/sh0.08/e35/p640x640/15251826_369222443426281_3840700940248154112_n.jpg,http://picbear.com/media/1393574140807998305_3668034122
October 18 2017 - 17:17,https://scontent.cdninstagram.com/t51.2885-15/e35/15046959_163935574079431_6502790961016340480_n.jpg,http://picbear.com/media/1393026899621950668_3668034122
October 18 2017 - 17:17,https://scontent.cdninstagram.com/t51.2885-15/s640x640/sh0.08/e35/15043824_1817706571842114_5522674106899628032_n.jpg,http://picbear.com/media/1393016473605377022_3668034122
October 18 2017 - 17:17,https://scontent.cdninstagram.com/t51.2885-15/e35/15099366_170766840060406_6768672685296713728_n.jpg,http://picbear.com/media/1393012081825353669_3668034122
October 18 2017 - 17:17,https://scontent.cdninstagram.com/t51.2885-15/e35/15101742_295750120819812_3994019740728164352_n.jpg,http://picbear.com/media/1393002226041301004_3668034122
October 18 2017 - 17:17,https://scontent.cdninstagram.com/t51.2885-15/s640x640/sh0.08/e35/15258889_1826993774211159_2340509300872445952_n.jpg,http://picbear.com/media/1392992373621359919_3668034122
October 18 2017 - 17:17,https://scontent.cdninstagram.com/t51.2885-15/s640x640/sh0.08/e35/14565033_340204623026914_5665691827752140800_n.jpg,http://picbear.com/media/1392982852937182156_3668034122
October 18 2017 - 17:17,https://scontent.cdninstagram.com/t51.2885-15/sh0.08/e35/p640x640/14726189_1100347043412351_5489592954525843456_n.jpg,http://picbear.com/media/1377865959548991245_3668034122
October 18 2017 - 17:17,https://scontent.cdninstagram.com/t51.2885-15/s640x640/sh0.08/e35/14677462_303531100046775_1446496331903270912_n.jpg,http://picbear.com/media/1377862393358794023_3668034122
October 18 2017 - 17:17,https://scontent.cdninstagram.com/t51.2885-15/e35/14718082_190065378112699_1851688932496900096_n.jpg,http://picbear.com/media/1377858976007815453_3668034122
October 18 2017 - 17:17,https://scontent.cdninstagram.com/t51.2885-15/sh0.08/e35/p640x640/14676592_672612592907208_241088291124805632_n.jpg,http://picbear.com/media/1376408410438168067_3668034122
October 18 2017 - 17:17,https://scontent.cdninstagram.com/t51.2885-15/s640x640/sh0.08/e35/14723586_1095445973896268_9194360013806632960_n.jpg,http://picbear.com/media/1376400688623903019_3668034122
October 18 2017 - 17:17,https://scontent.cdninstagram.com/t51.2885-15/e35/14677165_1781828632075825_1673281059082469376_n.jpg,http://picbear.com/media/1375675820936654416_3668034122
October 18 2017 - 17:17,https://scontent.cdninstagram.com/t51.2885-15/s640x640/sh0.08/e35/14723468_1799242123627043_2171855976792064000_n.jpg,http://picbear.com/media/1375666777622941624_3668034122
October 18 2017 - 17:17,https://scontent.cdninstagram.com/t51.2885-15/s640x640/sh0.08/e35/14726398_1326533020690105_9004531792287367168_n.jpg,http://picbear.com/media/1375651633199103356_3668034122
October 18 2017 - 17:17,https://scontent.cdninstagram.com/t51.2885-15/e35/14730531_665745843606025_376520781905002496_n.jpg,http://picbear.com/media/1361139866779683909_3668034122
October 18 2017 - 17:17,https://scontent.cdninstagram.com/t51.2885-15/e15/22427331_1722655817752848_7692898631774371840_n.jpg,http://picbear.com/media/1625562377758205440_3668034122
October 18 2017 - 17:17,https://scontent.cdninstagram.com/t51.2885-15/e15/22220767_954726254668765_1960042152692023296_n.jpg,http://picbear.com/media/1618658373312874294_3668034122
October 18 2017 - 17:17,https://scontent.cdninstagram.com/t51.2885-15/e15/22157437_339867809808175_3226916505530662912_n.jpg,http://picbear.com/media/1616166174406816333_3668034122
October 18 2017 - 17:17,https://scontent.cdninstagram.com/t51.2885-15/e15/21433950_719008348307026_2883316351596756992_n.jpg,http://picbear.com/media/1598306340890473517_3668034122
October 18 2017 - 17:17,https://scontent.cdninstagram.com/t51.2885-15/e15/20226152_182405772298928_7548181087420153856_n.jpg,http://picbear.com/media/1567545543381955201_3668034122
October 18 2017 - 17:17,https://scontent.cdninstagram.com/t51.2885-15/e15/19050751_295319967546603_5079152363458002944_n.jpg,http://picbear.com/media/1534401932780089702_3668034122
October 18 2017 - 17:17,https://scontent.cdninstagram.com/t51.2885-15/e15/18095686_987234884712171_168797544787214336_n.jpg,http://picbear.com/media/1500279190422147614_3668034122
October 18 2017 - 17:17,https://scontent.cdninstagram.com/t51.2885-15/e15/18013722_1013486522117591_1393814155676352512_n.jpg,http://picbear.com/media/1496724029187623976_3668034122
October 18 2017 - 17:17,https://scontent.cdninstagram.com/t51.2885-15/e15/18011226_1933278623584400_4597800775706476544_n.jpg,http://picbear.com/media/1494560976937436505_3668034122
October 18 2017 - 17:17,https://scontent.cdninstagram.com/t51.2885-15/e15/17931733_1838126909771268_5888632804014555136_n.jpg,http://picbear.com/media/1493564869054870494_3668034122
October 18 2017 - 17:17,https://scontent.cdninstagram.com/t51.2885-15/e15/17882470_1478358992214235_8746641430186819584_n.jpg,http://picbear.com/media/1493110808384005990_3668034122
October 18 2017 - 17:17,https://scontent.cdninstagram.com/t51.2885-15/e15/17125831_182424068924674_8984385208803393536_n.jpg,http://picbear.com/media/1468420815631720231_3668034122
October 18 2017 - 17:17,https://scontent.cdninstagram.com/t51.2885-15/e15/16790046_120606621798747_2869101332696924160_n.jpg,http://picbear.com/media/1462368142591657332_3668034122
October 18 2017 - 17:17,https://scontent.cdninstagram.com/t51.2885-15/e15/15624357_429951877335750_1310339353154682880_n.jpg,http://picbear.com/media/1418278428705400428_3668034122
