user_poll_dt,content_url,picbear_url
November 08 2017 - 14:50,https://scontent.cdninstagram.com/t51.2885-15/s640x640/e35/23421145_128064571192509_7369481826244493312_n.jpg,http://picbear.com/media/1642649209311003529_2060231850
November 08 2017 - 14:50,https://scontent.cdninstagram.com/t51.2885-15/s640x640/e35/c0.135.1080.1080/21910833_134094433888431_3821690577477435392_n.jpg,http://picbear.com/media/1610823563312272750_2060231850
November 08 2017 - 14:50,https://scontent.cdninstagram.com/t51.2885-15/s640x640/e35/c150.0.779.779/21568560_1980644842148748_6462277423571402752_n.jpg,http://picbear.com/media/1602043377313804569_2060231850
November 08 2017 - 14:50,https://scontent.cdninstagram.com/t51.2885-15/s640x640/e35/c144.0.791.791/21436269_144078956191488_1006987655579172864_n.jpg,http://picbear.com/media/1601412028714247292_2060231850
November 08 2017 - 14:50,https://scontent.cdninstagram.com/t51.2885-15/s640x640/e35/c167.0.745.745/21371706_140034203269184_5324539435809767424_n.jpg,http://picbear.com/media/1596441362802020150_2060231850
November 08 2017 - 14:50,https://scontent.cdninstagram.com/t51.2885-15/s640x640/e35/c154.0.772.772/21149729_1879064539024823_6466881263440494592_n.jpg,http://picbear.com/media/1592057005500944188_2060231850
November 08 2017 - 14:50,https://scontent.cdninstagram.com/t51.2885-15/s640x640/e35/c0.135.1080.1080/21041869_109626143102229_7764049592575852544_n.jpg,http://picbear.com/media/1587238199976963028_2060231850
November 08 2017 - 14:50,https://scontent.cdninstagram.com/t51.2885-15/s640x640/e35/c0.135.1080.1080/20987116_801742770007540_950426432394231808_n.jpg,http://picbear.com/media/1587194977850453183_2060231850
November 08 2017 - 14:50,https://scontent.cdninstagram.com/t51.2885-15/s640x640/e35/c180.0.720.720/20905389_1909923399330194_5464042477549780992_n.jpg,http://picbear.com/media/1586002341726554497_2060231850
November 08 2017 - 14:50,https://scontent.cdninstagram.com/t51.2885-15/s640x640/e35/c180.0.720.720/20969202_165737517325535_3156545570919677952_n.jpg,http://picbear.com/media/1585534457426620450_2060231850
November 08 2017 - 14:50,https://scontent.cdninstagram.com/t51.2885-15/s640x640/e35/c180.0.720.720/20901916_149261505656558_2231739846806732800_n.jpg,http://picbear.com/media/1585236540937519157_2060231850
November 08 2017 - 14:50,https://scontent.cdninstagram.com/t51.2885-15/s640x640/e35/c0.135.1080.1080/20838695_1967823776794264_3717203141381324800_n.jpg,http://picbear.com/media/1584816907776667271_2060231850
November 08 2017 - 14:50,https://scontent.cdninstagram.com/t51.2885-15/s640x640/e35/c180.0.720.720/20905623_678162902374658_6806718094015201280_n.jpg,http://picbear.com/media/1584805553577487766_2060231850
November 08 2017 - 14:50,https://scontent.cdninstagram.com/t51.2885-15/s640x640/e35/c0.135.1080.1080/20838696_2039495669614567_6330073889204338688_n.jpg,http://picbear.com/media/1584800641418489952_2060231850
November 08 2017 - 14:50,https://scontent.cdninstagram.com/t51.2885-15/s640x640/e35/c180.0.720.720/20902140_154068135171911_3982784664627576832_n.jpg,http://picbear.com/media/1584679794494135547_2060231850
November 08 2017 - 14:50,https://scontent.cdninstagram.com/t51.2885-15/s640x640/e35/c0.135.1080.1080/20905372_267845360376053_2742275621370462208_n.jpg,http://picbear.com/media/1584610087199878379_2060231850
November 08 2017 - 14:50,https://scontent.cdninstagram.com/t51.2885-15/s640x640/e35/c0.135.1080.1080/20968532_1604583246283662_6876029417244590080_n.jpg,http://picbear.com/media/1584046762359577085_2060231850
November 08 2017 - 14:50,https://scontent.cdninstagram.com/t51.2885-15/s640x640/e35/c180.0.720.720/20838450_111566456177613_7267562484238647296_n.jpg,http://picbear.com/media/1582763011130407359_2060231850
November 08 2017 - 14:50,https://scontent.cdninstagram.com/t51.2885-15/s640x640/e35/c180.0.720.720/20766540_398981170504534_7935573247595118592_n.jpg,http://picbear.com/media/1582511525066503371_2060231850
November 08 2017 - 14:50,https://scontent.cdninstagram.com/t51.2885-15/s640x640/e35/c180.0.720.720/20766581_141718509752002_6027392902311706624_n.jpg,http://picbear.com/media/1581989446718124795_2060231850
November 08 2017 - 14:50,https://scontent.cdninstagram.com/t51.2885-15/s640x640/e35/c0.135.1080.1080/20759112_509100016097237_6225496503608147968_n.jpg,http://picbear.com/media/1581072165829226534_2060231850
November 08 2017 - 14:50,https://scontent.cdninstagram.com/t51.2885-15/s640x640/e35/c180.0.720.720/20766240_216360442223401_7565710197574860800_n.jpg,http://picbear.com/media/1580275238616078800_2060231850
November 08 2017 - 14:50,https://scontent.cdninstagram.com/t51.2885-15/s640x640/e35/c180.0.720.720/20687878_1617203094970163_4420103362897248256_n.jpg,http://picbear.com/media/1579758024444010268_2060231850
November 08 2017 - 14:50,https://scontent.cdninstagram.com/t51.2885-15/s640x640/e35/c0.135.1080.1080/20759073_160311371201172_6601237680229449728_n.jpg,http://picbear.com/media/1578972325801178527_2060231850
November 08 2017 - 14:50,https://scontent.cdninstagram.com/t51.2885-15/s640x640/e35/c180.0.720.720/20635353_1915018115488690_8349796661173682176_n.jpg,http://picbear.com/media/1578314326887840185_2060231850
November 08 2017 - 14:50,https://scontent.cdninstagram.com/t51.2885-15/s640x640/e35/c180.0.720.720/20634919_1654359781302954_7881647394868166656_n.jpg,http://picbear.com/media/1577467837605167210_2060231850
November 08 2017 - 14:50,https://scontent.cdninstagram.com/t51.2885-15/s640x640/e35/c180.0.720.720/20635086_153178705260562_7440073058318024704_n.jpg,http://picbear.com/media/1576730460699873306_2060231850
November 08 2017 - 14:50,https://scontent.cdninstagram.com/t51.2885-15/s640x640/e35/c180.0.720.720/20633189_1195593003880662_7691277706821894144_n.jpg,http://picbear.com/media/1575839378449554557_2060231850
November 08 2017 - 14:50,https://scontent.cdninstagram.com/t51.2885-15/s640x640/e35/c180.0.720.720/20687792_115136952476755_8403561706030104576_n.jpg,http://picbear.com/media/1575099047890199698_2060231850
November 08 2017 - 14:50,https://scontent.cdninstagram.com/t51.2885-15/s640x640/e35/c0.35.1080.1080/20583119_107062526669141_2888016811050139648_n.jpg,http://picbear.com/media/1574789911419842248_2060231850
November 08 2017 - 14:50,https://scontent.cdninstagram.com/t51.2885-15/s640x640/e35/c180.0.720.720/20482438_110589782937317_4861914193231609856_n.jpg,http://picbear.com/media/1574375803080134725_2060231850
November 08 2017 - 14:50,https://scontent.cdninstagram.com/t51.2885-15/s640x640/e35/c0.135.1080.1080/20482258_422789494784108_1202231160843796480_n.jpg,http://picbear.com/media/1573922972136929420_2060231850
November 08 2017 - 14:50,https://scontent.cdninstagram.com/t51.2885-15/s640x640/e35/c180.0.720.720/20583099_288850021591023_2174063327989202944_n.jpg,http://picbear.com/media/1573017844630488426_2060231850
November 08 2017 - 14:50,https://scontent.cdninstagram.com/t51.2885-15/s640x640/e35/c180.0.720.720/20582644_117127082270143_8021345969289297920_n.jpg,http://picbear.com/media/1572942738453611220_2060231850
November 08 2017 - 14:50,https://scontent.cdninstagram.com/t51.2885-15/s640x640/e35/c180.0.720.720/20481909_1269849376471723_5918965323347787776_n.jpg,http://picbear.com/media/1572204169845863686_2060231850
November 08 2017 - 14:50,https://scontent.cdninstagram.com/t51.2885-15/s640x640/e35/c216.0.648.648/20582463_160104547891050_1531587167409668096_n.jpg,http://picbear.com/media/1571541762744207535_2060231850
November 08 2017 - 14:50,https://scontent.cdninstagram.com/t51.2885-15/s640x640/e35/c180.0.720.720/20398505_705031056353822_5390398052009771008_n.jpg,http://picbear.com/media/1570650318173102278_2060231850
November 08 2017 - 14:50,https://scontent.cdninstagram.com/t51.2885-15/s640x640/e35/c180.0.720.720/20482199_1963365987234364_864326713364971520_n.jpg,http://picbear.com/media/1570243677984276694_2060231850
November 08 2017 - 14:50,https://scontent.cdninstagram.com/t51.2885-15/s640x640/e35/c180.0.720.720/20394142_463234730717867_3940189326469496832_n.jpg,http://picbear.com/media/1569317857795067128_2060231850
November 08 2017 - 14:50,https://scontent.cdninstagram.com/t51.2885-15/s640x640/e35/c0.135.1080.1080/20478444_453397171711263_7802659085119127552_n.jpg,http://picbear.com/media/1568712937429713413_2060231850
November 08 2017 - 14:50,https://scontent.cdninstagram.com/t51.2885-15/s640x640/e35/c180.0.720.720/20225901_119755551990137_7950809373494738944_n.jpg,http://picbear.com/media/1568286289974729689_2060231850
November 08 2017 - 14:50,https://scontent.cdninstagram.com/t51.2885-15/s640x640/e35/c0.135.1080.1080/20346950_258286374675227_5942642146610774016_n.jpg,http://picbear.com/media/1565324607446908594_2060231850
November 08 2017 - 14:50,https://scontent.cdninstagram.com/t51.2885-15/s640x640/e35/c180.0.720.720/20225761_153383631903028_829233463302291456_n.jpg,http://picbear.com/media/1565211160893782779_2060231850
November 08 2017 - 14:50,https://scontent.cdninstagram.com/t51.2885-15/s640x640/e35/c180.0.720.720/20225255_193697684499154_474580034938470400_n.jpg,http://picbear.com/media/1564503377420666401_2060231850
November 08 2017 - 14:50,https://scontent.cdninstagram.com/t51.2885-15/s640x640/e35/c180.0.720.720/20066933_1708585709445352_3261877599449645056_n.jpg,http://picbear.com/media/1563017956765288953_2060231850
November 08 2017 - 14:50,https://scontent.cdninstagram.com/t51.2885-15/s640x640/e35/c180.0.720.720/20065795_1571579509559734_9029361285988352_n.jpg,http://picbear.com/media/1562344135628675056_2060231850
November 08 2017 - 14:50,https://scontent.cdninstagram.com/t51.2885-15/s640x640/e35/c180.0.720.720/20184259_150122662205137_1939449828912136192_n.jpg,http://picbear.com/media/1561628237905069691_2060231850
November 08 2017 - 14:50,https://scontent.cdninstagram.com/t51.2885-15/s640x640/e35/c180.0.720.720/19985476_337871006647880_2010589893381586944_n.jpg,http://picbear.com/media/1560186996550192832_2060231850
November 08 2017 - 14:50,https://scontent.cdninstagram.com/t51.2885-15/s640x640/e35/c0.120.960.960/20065728_466425557055419_8129990809173884928_n.jpg,http://picbear.com/media/1559593148778062683_2060231850
November 08 2017 - 14:50,https://scontent.cdninstagram.com/t51.2885-15/s640x640/e35/c180.0.720.720/19933265_703628156493543_7441955460879482880_n.jpg,http://picbear.com/media/1559365601922395233_2060231850
November 08 2017 - 14:50,https://scontent.cdninstagram.com/t51.2885-15/s640x640/e35/c180.0.720.720/20065414_182561435615393_1600636252820865024_n.jpg,http://picbear.com/media/1558713294914457813_2060231850
November 08 2017 - 14:50,https://scontent.cdninstagram.com/t51.2885-15/s640x640/e35/c180.0.720.720/20065340_862361420596335_168484007879639040_n.jpg,http://picbear.com/media/1557187234834026882_2060231850
November 08 2017 - 14:50,https://scontent.cdninstagram.com/t51.2885-15/s640x640/e35/c180.0.720.720/19933069_253507131807824_1478327713218428928_n.jpg,http://picbear.com/media/1556479234901022963_2060231850
November 08 2017 - 14:50,https://scontent.cdninstagram.com/t51.2885-15/s640x640/e35/c180.0.720.720/19931660_1410712409043363_8204035426881634304_n.jpg,http://picbear.com/media/1555708844419514132_2060231850
November 08 2017 - 14:50,https://scontent.cdninstagram.com/t51.2885-15/s640x640/e35/c180.0.720.720/18161001_1056038634539475_8403971712198115328_n.jpg,http://picbear.com/media/1502834099734549632_2060231850
November 08 2017 - 14:50,https://scontent.cdninstagram.com/t51.2885-15/s640x640/e35/c180.0.720.720/18013764_1808338949478972_1111299221354446848_n.jpg,http://picbear.com/media/1502117488980036173_2060231850
November 08 2017 - 14:50,https://scontent.cdninstagram.com/t51.2885-15/s640x640/e35/c180.0.720.720/17883027_1005399929590468_6930696194779774976_n.jpg,http://picbear.com/media/1501340022992545339_2060231850
November 08 2017 - 14:50,https://scontent.cdninstagram.com/t51.2885-15/s640x640/e35/c180.0.720.720/17934430_1830434710507312_3447262612876689408_n.jpg,http://picbear.com/media/1496833779334782398_2060231850
November 08 2017 - 14:50,https://scontent.cdninstagram.com/t51.2885-15/s640x640/e35/c180.0.720.720/10542756_425384531154676_1156703416584503296_n.jpg,http://picbear.com/media/1494392529050542543_2060231850
November 08 2017 - 14:50,https://scontent.cdninstagram.com/t51.2885-15/s640x640/e35/c0.135.1080.1080/17932242_791446411004646_794365948130754560_n.jpg,http://picbear.com/media/1494382426456860873_2060231850
November 08 2017 - 14:50,https://scontent.cdninstagram.com/t51.2885-15/s640x640/e35/c180.0.720.720/17882430_525418811179081_4638091378578948096_n.jpg,http://picbear.com/media/1490504579187284816_2060231850
November 08 2017 - 14:50,https://scontent.cdninstagram.com/t51.2885-15/s640x640/e35/c180.0.720.720/17818862_1647092335599603_6494978041842761728_n.jpg,http://picbear.com/media/1489523645768265722_2060231850
November 08 2017 - 14:50,https://scontent.cdninstagram.com/t51.2885-15/s640x640/e35/c0.135.1080.1080/17663344_353743228360774_4027030876545089536_n.jpg,http://picbear.com/media/1488954015798321257_2060231850
November 08 2017 - 14:50,https://scontent.cdninstagram.com/t51.2885-15/s640x640/e35/c180.0.720.720/17819301_1050272731740217_7513268329063120896_n.jpg,http://picbear.com/media/1488282803225037900_2060231850
November 08 2017 - 14:50,https://scontent.cdninstagram.com/t51.2885-15/s640x640/e35/c180.0.720.720/17663003_1241344315984502_2619222196999946240_n.jpg,http://picbear.com/media/1487720922290791317_2060231850
November 08 2017 - 14:50,https://scontent.cdninstagram.com/t51.2885-15/s640x640/e35/c180.0.720.720/17662946_1770029323312158_6359996410959495168_n.jpg,http://picbear.com/media/1487141027273737233_2060231850
November 08 2017 - 14:50,https://scontent.cdninstagram.com/t51.2885-15/s640x640/e35/c180.0.720.720/17817957_1680204925341301_8890640061440196608_n.jpg,http://picbear.com/media/1486011362601477994_2060231850
November 08 2017 - 14:50,https://scontent.cdninstagram.com/t51.2885-15/s640x640/e35/c180.0.720.720/17662190_390185011364365_152825428996784128_n.jpg,http://picbear.com/media/1484444252037382643_2060231850
November 08 2017 - 14:50,https://scontent.cdninstagram.com/t51.2885-15/s640x640/e35/c180.0.720.720/17437691_261129277683631_766662343919665152_n.jpg,http://picbear.com/media/1483832393689057737_2060231850
November 08 2017 - 14:50,https://scontent.cdninstagram.com/t51.2885-15/s640x640/e35/c180.0.720.720/17596351_1372737459459328_619810269538811904_n.jpg,http://picbear.com/media/1483149341166045525_2060231850
November 08 2017 - 14:50,https://scontent.cdninstagram.com/t51.2885-15/s640x640/e35/c180.0.720.720/17596662_852019264937653_4640815607615324160_n.jpg,http://picbear.com/media/1482453545609144633_2060231850
November 08 2017 - 14:50,https://scontent.cdninstagram.com/t51.2885-15/s640x640/e35/c0.135.1080.1080/17587265_1357010501011844_6071887483598012416_n.jpg,http://picbear.com/media/1481940697825124618_2060231850
November 08 2017 - 14:50,https://scontent.cdninstagram.com/t51.2885-15/s640x640/e35/c180.0.720.720/17439290_244837925979209_5805102244227448832_n.jpg,http://picbear.com/media/1478307304893695170_2060231850
November 08 2017 - 14:50,https://scontent.cdninstagram.com/t51.2885-15/s640x640/e35/c110.0.860.860/17439162_641802619358644_470032085478801408_n.jpg,http://picbear.com/media/1477686602645792373_2060231850
November 08 2017 - 14:50,https://scontent.cdninstagram.com/t51.2885-15/s640x640/e35/c0.135.1080.1080/17439058_1899419837001426_4938101780576731136_n.jpg,http://picbear.com/media/1477651538641859487_2060231850
November 08 2017 - 14:50,https://scontent.cdninstagram.com/t51.2885-15/s640x640/e35/c0.135.1080.1080/17493785_1878229645752854_5095404094504304640_n.jpg,http://picbear.com/media/1477413721655453229_2060231850
November 08 2017 - 14:50,https://scontent.cdninstagram.com/t51.2885-15/s640x640/e35/c180.0.720.720/17494166_393988134316501_781522166259646464_n.jpg,http://picbear.com/media/1476660540151216702_2060231850
November 08 2017 - 14:50,https://scontent.cdninstagram.com/t51.2885-15/s640x640/e35/c180.0.720.720/17493993_419269311762867_3578471931034206208_n.jpg,http://picbear.com/media/1476595717359070019_2060231850
November 08 2017 - 14:50,https://scontent.cdninstagram.com/t51.2885-15/s640x640/e35/c0.135.1080.1080/17437984_267234197058868_2780481941038694400_n.jpg,http://picbear.com/media/1475902951968930135_2060231850
November 08 2017 - 14:50,https://scontent.cdninstagram.com/t51.2885-15/s640x640/e35/c0.135.1080.1080/17267520_1496063680445555_361018136104796160_n.jpg,http://picbear.com/media/1473012912876351782_2060231850
November 08 2017 - 14:50,https://scontent.cdninstagram.com/t51.2885-15/s640x640/e35/c180.0.720.720/17333385_1942588575969544_2697219687858569216_n.jpg,http://picbear.com/media/1472327645047651264_2060231850
November 08 2017 - 14:50,https://scontent.cdninstagram.com/t51.2885-15/s640x640/e35/c180.0.720.720/17266213_1108751549271002_6066054651722072064_n.jpg,http://picbear.com/media/1471509356629259277_2060231850
November 08 2017 - 14:50,https://scontent.cdninstagram.com/t51.2885-15/s640x640/e35/c180.0.720.720/17333619_1250612818355037_2376422189608992768_n.jpg,http://picbear.com/media/1470787906612068393_2060231850
November 08 2017 - 14:50,https://scontent.cdninstagram.com/t51.2885-15/s640x640/e35/c0.135.1080.1080/17265575_1523432594363668_5066149367149232128_n.jpg,http://picbear.com/media/1470082608968722853_2060231850
November 08 2017 - 14:50,https://scontent.cdninstagram.com/t51.2885-15/s640x640/e35/c180.0.720.720/17265643_1914153898817886_2756539877775376384_n.jpg,http://picbear.com/media/1469393480367181415_2060231850
November 08 2017 - 14:50,https://scontent.cdninstagram.com/t51.2885-15/s640x640/e35/c180.0.720.720/17266129_168832386959862_2699089334367158272_n.jpg,http://picbear.com/media/1468817061396302686_2060231850
November 08 2017 - 14:50,https://scontent.cdninstagram.com/t51.2885-15/s640x640/e35/c180.0.720.720/17267863_431334683881506_2931478783414239232_n.jpg,http://picbear.com/media/1468199054114510220_2060231850
November 08 2017 - 14:50,https://scontent.cdninstagram.com/t51.2885-15/s640x640/e35/c0.135.1080.1080/17126036_279756129127220_8732146718721703936_n.jpg,http://picbear.com/media/1467878361665581751_2060231850
November 08 2017 - 14:50,https://scontent.cdninstagram.com/t51.2885-15/s640x640/e35/c180.0.720.720/17125423_283043258776069_4001007828612415488_n.jpg,http://picbear.com/media/1467457727676538697_2060231850
November 08 2017 - 14:50,https://scontent.cdninstagram.com/t51.2885-15/s640x640/e35/c0.135.1080.1080/17077615_1252858584789771_3828105849868386304_n.jpg,http://picbear.com/media/1466490814179747518_2060231850
November 08 2017 - 14:50,https://scontent.cdninstagram.com/t51.2885-15/s640x640/e35/c180.0.720.720/17126043_634524983422926_6343924269675708416_n.jpg,http://picbear.com/media/1465922092226422260_2060231850
November 08 2017 - 14:50,https://scontent.cdninstagram.com/t51.2885-15/s640x640/e35/c0.135.1080.1080/17076623_721629451339111_3849419719564066816_n.jpg,http://picbear.com/media/1465107175416111615_2060231850
November 08 2017 - 14:50,https://scontent.cdninstagram.com/t51.2885-15/s640x640/e35/c180.0.720.720/16907981_1245744832170788_7752354521182896128_n.jpg,http://picbear.com/media/1463782911421257693_2060231850
November 08 2017 - 14:50,https://scontent.cdninstagram.com/t51.2885-15/s640x640/e35/c180.0.720.720/17126316_1625717247444357_7738506893785563136_n.jpg,http://picbear.com/media/1462185765420989243_2060231850
November 08 2017 - 14:50,https://scontent.cdninstagram.com/t51.2885-15/s640x640/e35/c180.0.720.720/16908626_1335343949865712_3320380847932047360_n.jpg,http://picbear.com/media/1461498780041780981_2060231850
November 08 2017 - 14:50,https://scontent.cdninstagram.com/t51.2885-15/s640x640/e35/c180.0.720.720/16906083_260129244434192_584444735729434624_n.jpg,http://picbear.com/media/1460859758600724182_2060231850
November 08 2017 - 14:50,https://scontent.cdninstagram.com/t51.2885-15/s640x640/e35/c180.0.720.720/16788705_586102918254558_3455349087107284992_n.jpg,http://picbear.com/media/1460087291435094086_2060231850
November 08 2017 - 14:50,https://scontent.cdninstagram.com/t51.2885-15/s640x640/e35/c180.0.720.720/16906148_126509601205889_4998157019786510336_n.jpg,http://picbear.com/media/1459409851377426463_2060231850
November 08 2017 - 14:50,https://scontent.cdninstagram.com/t51.2885-15/s640x640/e35/c180.0.720.720/16906182_1797134277217341_8002106933869805568_n.jpg,http://picbear.com/media/1458621843233359997_2060231850
November 08 2017 - 14:50,https://scontent.cdninstagram.com/t51.2885-15/s640x640/e35/c180.0.720.720/16908619_156880304823846_1222431255325310976_n.jpg,http://picbear.com/media/1457962310882444108_2060231850
November 08 2017 - 14:50,https://scontent.cdninstagram.com/t51.2885-15/s640x640/e35/c180.0.720.720/16789776_1873097822908523_8135103748696440832_n.jpg,http://picbear.com/media/1457186866859980847_2060231850
November 08 2017 - 14:50,https://scontent.cdninstagram.com/t51.2885-15/s640x640/e35/c180.0.720.720/16585018_407684336248040_8707952369079418880_n.jpg,http://picbear.com/media/1455714636930046736_2060231850
November 08 2017 - 14:50,https://scontent.cdninstagram.com/t51.2885-15/s640x640/e35/c180.0.720.720/16906518_1627933467514640_8766245567891243008_n.jpg,http://picbear.com/media/1454342141996098165_2060231850
November 08 2017 - 14:50,https://scontent.cdninstagram.com/t51.2885-15/s640x640/e35/c180.0.720.720/16465359_405703483155316_4495243265984954368_n.jpg,http://picbear.com/media/1454240600974765851_2060231850
November 08 2017 - 14:50,https://scontent.cdninstagram.com/t51.2885-15/s640x640/e35/c0.135.1080.1080/16584839_1833160286901481_5366775409759223808_n.jpg,http://picbear.com/media/1451338388971019025_2060231850
November 08 2017 - 14:50,https://scontent.cdninstagram.com/t51.2885-15/s640x640/e35/c180.0.720.720/16583964_1238510086203598_2589109159085473792_n.jpg,http://picbear.com/media/1450785397654227510_2060231850
November 08 2017 - 14:50,https://scontent.cdninstagram.com/t51.2885-15/s640x640/e35/c236.0.608.608/16464057_272089473226706_7654860198082772992_n.jpg,http://picbear.com/media/1447256749286573303_2060231850
November 08 2017 - 14:50,https://scontent.cdninstagram.com/t51.2885-15/s640x640/e35/c0.135.1080.1080/16583991_1260057370754509_580910570350313472_n.jpg,http://picbear.com/media/1445755119374366865_2060231850
November 08 2017 - 14:50,https://scontent.cdninstagram.com/t51.2885-15/s640x640/e35/c180.0.720.720/16464341_1914542372107051_2357231588535697408_n.jpg,http://picbear.com/media/1445073727661396580_2060231850
November 08 2017 - 14:50,https://scontent.cdninstagram.com/t51.2885-15/s640x640/e35/c180.0.720.720/16465026_1675048789461902_2627616014795276288_n.jpg,http://picbear.com/media/1445065516598363950_2060231850
November 08 2017 - 14:50,https://scontent.cdninstagram.com/t51.2885-15/s640x640/e35/c180.0.720.720/16583154_192039414608964_2390731092198948864_n.jpg,http://picbear.com/media/1444918279020918307_2060231850
November 08 2017 - 14:50,https://scontent.cdninstagram.com/t51.2885-15/s640x640/e35/c180.0.720.720/16465544_170165133476327_4760032548153720832_n.jpg,http://picbear.com/media/1444297100744674713_2060231850
November 08 2017 - 14:50,https://scontent.cdninstagram.com/t51.2885-15/s640x640/e35/c0.135.1080.1080/16464681_247284145717355_5723277632565411840_n.jpg,http://picbear.com/media/1444116670930168551_2060231850
November 08 2017 - 14:50,https://scontent.cdninstagram.com/t51.2885-15/s640x640/e35/c180.0.720.720/16463958_167361170427206_8580322214673383424_n.jpg,http://picbear.com/media/1443885117138305772_2060231850
November 08 2017 - 14:50,https://scontent.cdninstagram.com/t51.2885-15/s640x640/e35/c180.0.720.720/16231011_106896503162992_2432860310441295872_n.jpg,http://picbear.com/media/1443485587041424673_2060231850
November 08 2017 - 14:50,https://scontent.cdninstagram.com/t51.2885-15/s640x640/e35/c0.135.1080.1080/16465624_365000597217502_6159385742763098112_n.jpg,http://picbear.com/media/1442787527533668893_2060231850
November 08 2017 - 14:50,https://scontent.cdninstagram.com/t51.2885-15/s640x640/e35/c180.0.720.720/16229276_221119494961448_6159599864062672896_n.jpg,http://picbear.com/media/1441810818214893265_2060231850
November 08 2017 - 14:50,https://scontent.cdninstagram.com/t51.2885-15/s640x640/e35/c180.0.720.720/16229091_373914832979862_532550797670481920_n.jpg,http://picbear.com/media/1435437063192300735_2060231850
November 08 2017 - 14:50,https://scontent.cdninstagram.com/t51.2885-15/s640x640/e35/c180.0.720.720/16122852_1407747192609857_2940828003799662592_n.jpg,http://picbear.com/media/1435355135005052124_2060231850
November 08 2017 - 14:50,https://scontent.cdninstagram.com/t51.2885-15/s640x640/e35/c180.0.720.720/16110573_1863567940557062_4680804970071588864_n.jpg,http://picbear.com/media/1434901596994640956_2060231850
November 08 2017 - 14:50,https://scontent.cdninstagram.com/t51.2885-15/s640x640/e35/c180.0.720.720/16122820_638039239713763_8593126560154779648_n.jpg,http://picbear.com/media/1434894564304505022_2060231850
November 08 2017 - 14:50,https://scontent.cdninstagram.com/t51.2885-15/s640x640/e35/c180.0.720.720/16110857_258544677909846_6483132723903856640_n.jpg,http://picbear.com/media/1434829009346231307_2060231850
November 08 2017 - 14:50,https://scontent.cdninstagram.com/t51.2885-15/s640x640/e35/c180.0.720.720/15802206_1310580605674297_6115613450421927936_n.jpg,http://picbear.com/media/1434190894185284200_2060231850
November 08 2017 - 14:50,https://scontent.cdninstagram.com/t51.2885-15/s640x640/e35/c0.135.1080.1080/16230096_741590442683469_1121526586458243072_n.jpg,http://picbear.com/media/1434186862947414511_2060231850
November 08 2017 - 14:50,https://scontent.cdninstagram.com/t51.2885-15/s640x640/e35/c180.0.720.720/16228707_1912072582347595_55768526840922112_n.jpg,http://picbear.com/media/1432726641058069675_2060231850
November 08 2017 - 14:50,https://scontent.cdninstagram.com/t51.2885-15/s640x640/e35/c180.0.720.720/16110117_1180975875353539_1370797915563360256_n.jpg,http://picbear.com/media/1432018734792395223_2060231850
November 08 2017 - 14:50,https://scontent.cdninstagram.com/t51.2885-15/s640x640/e35/c180.0.720.720/16123277_1884466171789517_6855462910513119232_n.jpg,http://picbear.com/media/1432007526588645537_2060231850
November 08 2017 - 14:50,https://scontent.cdninstagram.com/t51.2885-15/s640x640/e35/c180.0.720.720/16110994_1236879516394018_790683859782991872_n.jpg,http://picbear.com/media/1431155081327213908_2060231850
November 08 2017 - 14:50,https://scontent.cdninstagram.com/t51.2885-15/s640x640/e35/c180.0.720.720/16122621_1712174235761055_1307102970743095296_n.jpg,http://picbear.com/media/1431136648896240313_2060231850
November 08 2017 - 14:50,https://scontent.cdninstagram.com/t51.2885-15/s640x640/e35/c135.0.810.810/16123885_361361357580773_6071825258111827968_n.jpg,http://picbear.com/media/1430964978207003377_2060231850
November 08 2017 - 14:50,https://scontent.cdninstagram.com/t51.2885-15/s640x640/e35/c180.0.720.720/16123127_1397595003598462_2272329035805622272_n.jpg,http://picbear.com/media/1430570972125202359_2060231850
November 08 2017 - 14:50,https://scontent.cdninstagram.com/t51.2885-15/s640x640/e35/c180.0.720.720/15802210_391655807849380_54185513564766208_n.jpg,http://picbear.com/media/1425974357708179077_2060231850
November 08 2017 - 14:50,https://scontent.cdninstagram.com/t51.2885-15/s640x640/e35/c180.0.720.720/15876251_230178214102513_2466047698831147008_n.jpg,http://picbear.com/media/1425365590528296786_2060231850
November 08 2017 - 14:50,https://scontent.cdninstagram.com/t51.2885-15/s640x640/e35/c180.0.720.720/15877197_734496593388327_2460251657645064192_n.jpg,http://picbear.com/media/1425218936126938852_2060231850
November 08 2017 - 14:50,https://scontent.cdninstagram.com/t51.2885-15/s640x640/e35/c180.0.720.720/15802839_349872575396180_3525944489594060800_n.jpg,http://picbear.com/media/1422605339274170483_2060231850
November 08 2017 - 14:50,https://scontent.cdninstagram.com/t51.2885-15/s640x640/e35/c0.135.1080.1080/15802569_1769563860035479_4154612291662249984_n.jpg,http://picbear.com/media/1421886174305404848_2060231850
November 08 2017 - 14:50,https://scontent.cdninstagram.com/t51.2885-15/s640x640/e35/c180.0.720.720/15803137_233237420459086_3007397969663098880_n.jpg,http://picbear.com/media/1421555231547809667_2060231850
November 08 2017 - 14:50,https://scontent.cdninstagram.com/t51.2885-15/s640x640/e35/c180.0.720.720/15803711_1809354712663652_4179095434905518080_n.jpg,http://picbear.com/media/1421470259772389890_2060231850
November 08 2017 - 14:50,https://scontent.cdninstagram.com/t51.2885-15/s640x640/e35/c180.0.720.720/15625446_1717580421890545_5744875567103082496_n.jpg,http://picbear.com/media/1416805867810895179_2060231850
November 08 2017 - 14:50,https://scontent.cdninstagram.com/t51.2885-15/s640x640/e35/c180.0.720.720/15625203_236563343437209_524706289012441088_n.jpg,http://picbear.com/media/1415771092161499844_2060231850
November 08 2017 - 14:50,https://scontent.cdninstagram.com/t51.2885-15/s640x640/e35/c180.0.720.720/15802183_1743430859308980_966696739174088704_n.jpg,http://picbear.com/media/1415235126120221787_2060231850
November 08 2017 - 14:50,https://scontent.cdninstagram.com/t51.2885-15/s640x640/e35/c0.135.1080.1080/15276594_830132580460056_5873079834082541568_n.jpg,http://picbear.com/media/1402565635447209000_2060231850
November 08 2017 - 14:50,https://scontent.cdninstagram.com/t51.2885-15/s640x640/e35/c182.0.715.715/14711876_1182233305186498_4283051227064827904_n.jpg,http://picbear.com/media/1374751206970235275_2060231850
November 08 2017 - 14:50,https://scontent.cdninstagram.com/t51.2885-15/s640x640/e35/14719647_694269754057080_3269704640475693056_n.jpg,http://picbear.com/media/1360097215342981406_2060231850
November 08 2017 - 14:50,https://scontent.cdninstagram.com/t51.2885-15/s640x640/e35/c0.135.1080.1080/14482153_1178350375565673_6606669143116611584_n.jpg,http://picbear.com/media/1355243980060763232_2060231850
November 08 2017 - 14:50,https://scontent.cdninstagram.com/t51.2885-15/s640x640/e35/c0.135.1080.1080/14592132_185906851848251_2047014123744526336_n.jpg,http://picbear.com/media/1355242320433485648_2060231850
November 08 2017 - 14:50,https://scontent.cdninstagram.com/t51.2885-15/s640x640/e35/c0.135.1080.1080/14448333_867991466669069_41497621826633728_n.jpg,http://picbear.com/media/1346377976496900685_2060231850
November 08 2017 - 14:50,https://scontent.cdninstagram.com/t51.2885-15/s640x640/e35/14310705_1731335737129695_2034758142_n.jpg,http://picbear.com/media/1338314553112630850_2060231850
November 08 2017 - 14:50,https://scontent.cdninstagram.com/t51.2885-15/s640x640/e35/c0.56.453.453/14099671_239492899781275_688932106_n.jpg,http://picbear.com/media/1331257298328465729_2060231850
November 08 2017 - 14:50,https://scontent.cdninstagram.com/t51.2885-15/s640x640/e35/14052655_1270076456343869_297552738_n.jpg,http://picbear.com/media/1326151409305061720_2060231850
November 08 2017 - 14:50,https://scontent.cdninstagram.com/t51.2885-15/s640x640/e35/c0.135.1080.1080/14134843_168343540238927_1232473007_n.jpg,http://picbear.com/media/1325253155298100988_2060231850
November 08 2017 - 14:50,https://scontent.cdninstagram.com/t51.2885-15/s640x640/e35/c0.135.1080.1080/13721218_1176637625693001_1160685180_n.jpg,http://picbear.com/media/1307615655067006691_2060231850
November 08 2017 - 14:50,https://scontent.cdninstagram.com/t51.2885-15/s640x640/e35/c0.51.1080.1080/13694494_277334479297404_536700822_n.jpg,http://picbear.com/media/1303553766729080302_2060231850
November 08 2017 - 14:50,https://scontent.cdninstagram.com/t51.2885-15/s640x640/e35/c0.60.480.480/13736891_1002962309821189_2128451050_n.jpg,http://picbear.com/media/1303551795087443843_2060231850
November 08 2017 - 14:50,https://scontent.cdninstagram.com/t51.2885-15/s640x640/e35/13714249_1736834153239243_982848260_n.jpg,http://picbear.com/media/1296809839590373036_2060231850
November 08 2017 - 14:50,https://scontent.cdninstagram.com/t51.2885-15/s640x640/e35/c236.0.608.608/13584293_270992179922858_797197428_n.jpg,http://picbear.com/media/1290245311876536350_2060231850
November 08 2017 - 14:50,https://scontent.cdninstagram.com/t51.2885-15/s640x640/e35/c236.0.608.608/13573368_1766330366937719_1112246148_n.jpg,http://picbear.com/media/1290244462748027220_2060231850
November 08 2017 - 14:50,https://scontent.cdninstagram.com/t51.2885-15/s640x640/e35/13277681_285126371834461_524916847_n.jpg,http://picbear.com/media/1264481254634220849_2060231850
November 08 2017 - 14:50,https://scontent.cdninstagram.com/t51.2885-15/s640x640/e15/11849938_871084209654333_1730585160_n.jpg,http://picbear.com/media/1076137924365184891_2060231850
November 08 2017 - 14:50,https://scontent.cdninstagram.com/t51.2885-15/s640x640/e15/11325410_1677947612450071_1379408504_n.jpg,http://picbear.com/media/1066554248652451403_2060231850
November 08 2017 - 14:50,https://scontent.cdninstagram.com/t51.2885-15/s640x640/e15/11820471_1123824724301344_1534992274_n.jpg,http://picbear.com/media/1050840552999546388_2060231850
November 08 2017 - 14:50,https://scontent.cdninstagram.com/t51.2885-15/s640x640/e15/11875283_162865920712364_2143105677_n.jpg,http://picbear.com/media/1050839490330684916_2060231850
November 08 2017 - 14:50,https://scontent.cdninstagram.com/t51.2885-15/s640x640/e15/11351652_154250278242797_1619459214_n.jpg,http://picbear.com/media/1050838306320608709_2060231850
November 08 2017 - 14:50,https://scontent.cdninstagram.com/t51.2885-15/s640x640/e15/11426656_140226886310862_1280717013_n.jpg,http://picbear.com/media/1032222765699886126_2060231850
November 08 2017 - 14:50,https://scontent.cdninstagram.com/t51.2885-15/s640x640/e15/10424634_136177353382485_1253007596_n.jpg,http://picbear.com/media/1031021116201430385_2060231850
November 08 2017 - 14:50,https://scontent.cdninstagram.com/t51.2885-15/s640x640/e15/10666255_401057473427749_1380416906_n.jpg,http://picbear.com/media/1030938968593329979_2060231850
November 08 2017 - 14:50,https://scontent.cdninstagram.com/t51.2885-15/s640x640/e15/11199491_465740576937172_952090884_n.jpg,http://picbear.com/media/1030259528339090744_2060231850
November 08 2017 - 14:50,https://scontent.cdninstagram.com/t51.2885-15/s640x640/e15/11296770_1452381981733968_1584918661_n.jpg,http://picbear.com/media/1030259216182209843_2060231850
November 08 2017 - 14:50,https://scontent.cdninstagram.com/t51.2885-15/s640x640/e15/11353484_1446034165721657_341537282_n.jpg,http://picbear.com/media/1030258884203048234_2060231850
November 08 2017 - 14:50,https://scontent.cdninstagram.com/t51.2885-15/s640x640/e15/11419003_861113363943790_799249214_n.jpg,http://picbear.com/media/1030258584687799586_2060231850
November 08 2017 - 14:50,https://scontent.cdninstagram.com/t51.2885-15/s640x640/e15/11382926_1451927651776620_969964558_n.jpg,http://picbear.com/media/1030258058302647580_2060231850
November 08 2017 - 14:50,https://scontent.cdninstagram.com/t51.2885-15/s640x640/e15/11241499_1613376928938196_1829253830_n.jpg,http://picbear.com/media/1025828455777627604_2060231850
November 08 2017 - 14:50,https://scontent.cdninstagram.com/t51.2885-15/s640x640/e15/11379085_897952120253178_1972942045_n.jpg,http://picbear.com/media/1025437309096226052_2060231850
November 08 2017 - 14:50,https://scontent.cdninstagram.com/t51.2885-15/s640x640/e15/923798_1642006399418649_955881057_n.jpg,http://picbear.com/media/1023796898497883496_2060231850
November 08 2017 - 14:50,https://scontent.cdninstagram.com/t51.2885-15/s640x640/e15/11380013_1615849385336709_517141119_n.jpg,http://picbear.com/media/1023795218402307392_2060231850
November 08 2017 - 14:50,https://scontent.cdninstagram.com/t51.2885-15/s640x640/e15/11375843_1468911630092595_1410581131_n.jpg,http://picbear.com/media/1023732884711468300_2060231850
November 08 2017 - 14:50,https://scontent.cdninstagram.com/t51.2885-15/s640x640/e15/11377541_473052916202303_132516970_n.jpg,http://picbear.com/media/1023731915592363261_2060231850
November 08 2017 - 14:50,https://scontent.cdninstagram.com/t51.2885-15/s640x640/e15/11377776_1648269692075687_344077142_n.jpg,http://picbear.com/media/1023731301630143730_2060231850
November 08 2017 - 14:50,https://scontent.cdninstagram.com/t51.2885-15/s640x640/e15/11380806_1652217748335642_874379593_n.jpg,http://picbear.com/media/1023295937656450343_2060231850
November 08 2017 - 14:50,https://scontent.cdninstagram.com/t51.2885-15/s640x640/e15/11378600_1467299850246794_1908936550_n.jpg,http://picbear.com/media/1023295814746565923_2060231850
November 08 2017 - 14:50,https://scontent.cdninstagram.com/t51.2885-15/s640x640/e15/11356404_1639971269576963_423245699_n.jpg,http://picbear.com/media/1023295395643321623_2060231850
November 08 2017 - 14:50,https://scontent.cdninstagram.com/t51.2885-15/s640x640/e15/11379127_1628169474121476_702467754_n.jpg,http://picbear.com/media/1023295241141939469_2060231850
November 08 2017 - 14:50,https://scontent.cdninstagram.com/t51.2885-15/s640x640/e15/11379094_1647790428775330_76575036_n.jpg,http://picbear.com/media/1023294963973942529_2060231850
November 08 2017 - 14:50,https://scontent.cdninstagram.com/t51.2885-15/s640x640/e15/11379116_937037136319786_1273912506_n.jpg,http://picbear.com/media/1023294682494201078_2060231850
November 08 2017 - 14:50,https://scontent.cdninstagram.com/t51.2885-15/s640x640/e15/11427260_1631582780444584_1264467177_n.jpg,http://picbear.com/media/1023293785475181797_2060231850
